filename,width,height,class,xmin,ymin,xmax,ymax
31_jpg.rf.56a13dddb54ff769a0a75a31ba25297e.jpg,500,500,72.0,78,103,434,398
18_jpg.rf.57e337acf731423dbc9ac47c9057c78e.jpg,500,500,0.1,40,55,454,458
25_jpg.rf.57f3f21c76b70c8a306ee0aa8c49180f.jpg,500,500,48.0,116,43,398,318
21_jpg.rf.57fe2096fc828a28aaf3d5f4e99f3584.jpg,500,500,0.1,32,72,429,373
68_jpg.rf.58d26578943703b1a2c64b547797ecb3.jpg,500,500,72.0,145,34,470,298
20_jpg.rf.56838872f09db1ab617091b953b993d1.jpg,500,500,0.1,50,28,456,446
44_jpg.rf.58545a18becaaeb40cf55b45b9240d7a.jpg,500,500,48.0,206,86,459,440
8_jpg.rf.5761ead28a46caa3fc67d9ddcbc60984.jpg,500,500,0.1,80,110,450,433
61_jpg.rf.5975878e5979d792ca34cdb9ab111d32.jpg,500,500,72.0,112,120,453,451
42_jpg.rf.57a230cbd007b9dafcab3b11f53faa25.jpg,500,500,72.0,210,199,500,479
15_jpg.rf.5add98de1dd60b4509950d334e17ebe9.jpg,500,500,0.1,71,75,468,364
53_jpg.rf.5a8b0f9d53b62ea03582ad6af1d79fbd.jpg,500,500,48.0,105,51,394,343
63_jpg.rf.59fdce0478d5e0d8374a1179ed0f2d84.jpg,500,500,48.0,122,63,401,343
53_jpg.rf.59ebdc92759a9aa9449fbd70e97df6a4.jpg,500,500,48.0,188,112,402,363
14_jpg.rf.590f5ebafbc7a3069914b9dcb1996b94.jpg,500,500,48.0,188,86,432,435
image1_jpg.rf.5aa44164739cacc4672dc54c6b39b138.jpg,500,500,24.0,61,70,439,463
60_jpg.rf.59dc23e5e1eb43909cb1c673dadbb6c7.jpg,500,500,72.0,106,116,452,447
45_jpg.rf.5b2ec5fe68f30986c6e2f7f13e689359.jpg,500,500,72.0,22,111,421,424
2_jpg.rf.5b35cf177a75713c32403c739dfee1c9.jpg,500,500,48.0,120,55,396,325
52_jpg.rf.595b4e3c228827fbedddf04b34e44262.jpg,500,500,72.0,205,171,483,448
44_jpg.rf.5b91d66621280c0be63adb2255e475d3.jpg,500,500,48.0,103,97,446,380
1_jpg.rf.5bf1884b0ac76951c9571722f4311853.jpg,500,500,48.0,125,75,378,350
11_jpg.rf.5c912982e54b2fcc8fee7b0ee201a8d9.jpg,500,500,72.0,94,80,484,429
62_jpg.rf.5bc5250b202ff133ed894f7ce3acd1a7.jpg,500,500,48.0,115,61,379,351
12_jpg.rf.5bc9d779fb7573df74a066f94618bb15.jpg,500,500,0.1,63,92,448,459
1_jpg.rf.5bf3c9f585d7e2c4d450470fb32f24b8.jpg,500,500,0.1,47,54,426,450
6_jpg.rf.5e485757a399c790b6f9f361edd62053.jpg,500,500,0.1,41,42,450,438
63_jpg.rf.5e74c27484838e0d6dc665b38c951038.jpg,500,500,48.0,115,65,378,340
29_jpg.rf.60b0e062a6a9757ec984303ee4d02323.jpg,500,500,0.1,32,50,448,494
20_jpg.rf.5d5d25488af5804961c95381cdb9ab22.jpg,500,500,24.0,0,16,400,386
6_jpg.rf.5c4f2c73f5e1449e461f6c5c0cd9017a.jpg,500,500,72.0,120,81,486,417
33_jpg.rf.5ec863d609f24107d2748961ea36560d.jpg,500,500,0.1,44,71,459,500
image3_jpg.rf.5f6afe4bb7b4b17837b3207438e2c171.jpg,500,500,24.0,77,66,455,459
22_jpg.rf.5dd2225f821517d6830f8fd851246797.jpg,500,500,48.0,73,77,387,430
19_jpg.rf.60b9f32a7729d805520fadb963bd56ac.jpg,500,500,0.1,61,58,466,378
17_jpg.rf.5ceb7225fc6fede3fb355618585c4e14.jpg,500,500,72.0,83,118,428,394
67_jpg.rf.611e93a415888ff8ef6a709af3f4a5e4.jpg,500,500,48.0,223,115,440,371
55_jpg.rf.61210112fafec6e79db2b6ada4abeea3.jpg,500,500,48.0,160,89,437,383
20_jpg.rf.607d091a94294f6d27ce40cc49cbdef1.jpg,500,500,48.0,186,86,441,434
70_jpg.rf.5fca3be06b3ea40428ad4e6befc235df.jpg,500,500,48.0,129,100,387,378
68_jpg.rf.6189259de05cf354a3e6fcd43de31be2.jpg,500,500,48.0,147,42,470,295
63_jpg.rf.610a33f16426e5d6a657249b22189b78.jpg,500,500,48.0,214,97,467,451
12_jpg.rf.5d7e39a4563dbbd3f5e1800bca696d87.jpg,500,500,48.0,120,78,379,356
42_jpg.rf.60017b5f2fbd1826122c1316c71cbabf.jpg,500,500,48.0,101,53,379,338
13_jpg.rf.5f02499bd8dab53a6a81bc020462ac77.jpg,500,500,0.1,76,64,439,381
34_jpg.rf.6248e43cb942d95a765e40390fa9459b.jpg,500,500,48.0,224,110,494,391
26_jpg.rf.5e7be77bb4764d2a566fd46a6fec7735.jpg,500,500,72.0,65,102,456,462
8_jpg.rf.62870454a93d22f3dc59f4364e8fed20.jpg,500,500,72.0,251,271,395,394
8_jpg.rf.62870454a93d22f3dc59f4364e8fed20.jpg,500,500,72.0,2,216,113,386
66_jpg.rf.63311f493c487c92df489973f448aeb2.jpg,500,500,72.0,138,39,466,293
22_jpg.rf.6184b8c7c1a11173f71c6179d3b22acb.jpg,500,500,0.1,28,87,444,486
18_jpg.rf.639ad0f1dbd7d99b78634e3b333333d8.jpg,500,500,48.0,186,86,441,434
24_jpg.rf.623ec603e89b3e32731451d730da7591.jpg,500,500,0.1,35,19,469,439
8_jpg.rf.6375fb64fb49987f1e743e053dd30fba.jpg,500,500,48.0,86,129,392,465
3_jpg.rf.650fa71931658d8147b01bcedce2b34a.jpg,500,500,72.0,94,69,354,291
29_jpg.rf.65d4d5d68b5cb2c7eabe48f03e78ddea.jpg,500,500,48.0,83,114,433,396
43_jpg.rf.663377ddd41d5e1ee7c6dfc8c88eb550.jpg,500,500,48.0,214,112,434,365
25_jpg.rf.65ff01be9fdc2f48e4d3362391f216c3.jpg,500,500,48.0,70,79,386,411
25_jpg.rf.65a14d23b62041201014b4895e69eb18.jpg,500,500,0.1,51,86,438,440
19_jpg.rf.5d940c151ed6cddfec3ff6ecbaf0d5e5.jpg,500,500,72.0,87,94,479,454
28_jpg.rf.64b553f25e3910073065117dd9b5fd68.jpg,500,500,48.0,77,84,386,415
13_jpg.rf.66592e2a7f41fef156900c598ae5c1f1.jpg,500,500,48.0,219,120,462,388
38_jpg.rf.67e66089d975a5eb8ed90dcc1206a4e7.jpg,500,500,48.0,104,53,388,332
30_jpg.rf.69651f3253347ecfb6d3311177aa3b12.jpg,500,500,72.0,164,146,466,432
58_jpg.rf.6975881670fbfc5564b8372cb4c81dc4.jpg,500,500,48.0,124,48,395,331
20_jpg.rf.6a260fe425acea47aa9e62d527a013c2.jpg,500,500,72.0,204,164,500,500
44_jpg.rf.6184db84d7297e483d15eac8e2930299.jpg,500,500,72.0,190,176,483,455
68_jpg.rf.6856d3036ba30345d3dca349b278ed1f.jpg,500,500,48.0,81,74,401,406
13_jpg.rf.64e5f27b610a6d3fdffd25cf4afa11c7.jpg,500,500,48.0,188,86,432,435
47_jpg.rf.64c597c126518a143cef2547bb1e0653.jpg,500,500,48.0,109,53,388,335
28_jpg.rf.664cfe79e533fd5783f636bd3a0ba728.jpg,500,500,0.1,64,11,468,332
12_jpg.rf.67bf784105d0bf74a9008e03839333e3.jpg,500,500,48.0,112,41,403,323
54_jpg.rf.6a7eb222eaac95371d8c042f8e6919da.jpg,500,500,48.0,107,53,392,339
40_jpg.rf.6bc86c44440b3ab64a029c317624e7b2.jpg,500,500,72.0,96,104,446,393
47_jpg.rf.6a4d662647688f9e17064b84b5291b49.jpg,500,500,48.0,27,102,427,419
26_jpg.rf.6bd809c00a8304adab21636d68a8b7b1.jpg,500,500,48.0,171,111,384,368
25_jpg.rf.69e7e40bbe963c2dc34fc3a35d12f7a1.jpg,500,500,0.1,22,25,443,307
27_jpg.rf.6a3faa8b47403029dcd64bb2aedef2aa.jpg,500,500,72.0,84,112,434,389
30_jpg.rf.6683ee8080d9cd4f0cc64c09a244e103.jpg,500,500,0.1,57,98,437,441
6_jpg.rf.6ccef896cd24b8e2005583b4944a6b20.jpg,500,500,24.0,69,30,418,398
37_jpg.rf.6bf18fc99041cb7aeff15ea51e02b8b0.jpg,500,500,72.0,162,152,465,445
19_jpg.rf.65fb58636d0b00776cc03e135015da3c.jpg,500,500,48.0,226,128,445,393
54_jpg.rf.6c01a439fe7435d9d59515a1e22ce951.jpg,500,500,48.0,179,12,500,254
10_jpg.rf.6abb34ecb3cc2870be9ad56cb9852b6d.jpg,500,500,48.0,63,101,346,331
8_jpg.rf.7041023e7635073c9c0b4c266e434d69.jpg,500,500,0.1,67,79,440,456
36_jpg.rf.6ee8758e490124c0ae92655a83cef84e.jpg,500,500,48.0,206,86,459,440
46_jpg.rf.65eafbc0a05b154d88ebbe044c45a893.jpg,500,500,48.0,120,80,387,360
34_jpg.rf.6f94f0773e37f552676e1b6c392b65e8.jpg,500,500,72.0,157,151,461,450
46_jpg.rf.6bc9acf16c0238396cd56c87b8f3ce99.jpg,500,500,72.0,28,99,427,412
7_jpg.rf.6a31c549845f087bc517ef9d68183382.jpg,500,500,24.0,95,60,419,411
14_jpg.rf.712ba7349ff6dbf3ab29c1917649afc9.jpg,500,500,48.0,226,124,458,393
62_jpg.rf.6ef07b30d7241cf1f42b1ed0c537cabe.jpg,500,500,48.0,161,100,444,392
image17_jpg.rf.722bfbd39f8ab761b6d40f6dd8cd90df.jpg,500,500,24.0,41,31,382,459
21_jpg.rf.71e7dadb3ad60c8fe1d1216dbf104a68.jpg,500,500,72.0,182,189,500,500
65_jpg.rf.70ffc36683aa9ae941683c70aac77825.jpg,500,500,48.0,134,41,457,294
51_jpg.rf.7063b724874f985de19cc355e60496d2.jpg,500,500,72.0,202,172,488,444
68_jpg.rf.72a554523660267bd8c514862a8d611b.jpg,500,500,48.0,128,28,414,265
27_jpg.rf.6d41a798e2c58b9d9430eb564e001869.jpg,500,500,48.0,241,113,493,386
26_jpg.rf.71dd05274470aabd42fc9f840a54dfa5.jpg,500,500,0.1,0,0,433,419
19_jpg.rf.6e78ad442f8c2636ddb033f558b22b91.jpg,500,500,72.0,117,142,477,469
13_jpg.rf.748f91bb16ef8c336c43d194d30f9401.jpg,500,500,48.0,114,40,398,323
15_jpg.rf.74f74de8b93ace203905f0a4005e38ef.jpg,500,500,48.0,230,127,465,397
34_jpg.rf.723e85dcbc4553e8046a1afa226ee976.jpg,500,500,48.0,73,82,386,422
6_jpg.rf.73202a16c219a1b8e735a4cedd3c41c5.jpg,500,500,48.0,121,78,380,354
26_jpg.rf.710dfc9ae6db8e70524e9b2776fc1f88.jpg,500,500,0.1,64,25,476,345
20_jpg.rf.730ad05d781c7da2c4edf1c9967670a1.jpg,500,500,0.1,71,57,470,397
49_jpg.rf.717073ef2af8d857358f3f224a3bfe74.jpg,500,500,72.0,40,87,439,399
27_jpg.rf.749825eb873205bf4cd5643718aa6dfc.jpg,500,500,48.0,120,49,404,319
8_jpg.rf.739cb409c5adfd1d47b7af54c7c6393f.jpg,500,500,48.0,200,114,387,341
37_jpg.rf.75cb2cebd34a33e6bee28cdffa836ab6.jpg,500,500,48.0,93,113,441,391
75_jpg.rf.73130f22002444633d6aa66d88b01016.jpg,500,500,72.0,142,14,479,279
36_jpg.rf.735f5801c1c71058e56bf80f8672c3d5.jpg,500,500,72.0,90,105,444,390
43_jpg.rf.762ad274538dc926f145c91b2310bc11.jpg,500,500,72.0,109,105,446,389
40_jpg.rf.74f45dddad97406dded0f4c7efde8d4a.jpg,500,500,48.0,71,82,389,418
13_jpg.rf.72f1efe938303ec64abb38ab3ac34dc9.jpg,500,500,0.1,51,33,459,444
55_jpg.rf.75b61b07d8709af6dfd29899044ccc75.jpg,500,500,72.0,150,39,460,290
image5_jpg.rf.74db4118833c3df84219ffb1428d4e4b.jpg,500,500,24.0,47,52,430,453
30_jpg.rf.75723dadc018a7e7a1a1e43075038577.jpg,500,500,48.0,73,83,388,415
1_jpg.rf.7853d00f2d5ebd5e517e566cf093c57e.jpg,500,500,48.0,216,124,436,408
63_jpg.rf.74fc02811381f0f039f51f8d64ffc747.jpg,500,500,48.0,154,95,437,387
46_jpg.rf.7502622d95bf782414b22e038c9c430f.jpg,500,500,48.0,214,94,467,448
image6_jpg.rf.77369d21a9c3d44610a7578bc8bf259d.jpg,500,500,24.0,46,42,426,451
4_jpg.rf.7824de15cb2d092312956066b5177505.jpg,500,500,24.0,36,47,450,419
29_jpg.rf.7758caaa3f494cf0f66bb55f5d7beb1c.jpg,500,500,0.1,56,35,457,355
16_jpg.rf.791e9dc23f9f03efa9a17c4394d2654a.jpg,500,500,48.0,79,94,395,429
62_jpg.rf.76569a43372f1d2394bb13238a4f161c.jpg,500,500,72.0,136,36,457,287
7_jpg.rf.794779c7ceef16caa66612c85763c598.jpg,500,500,24.0,78,46,450,420
55_jpg.rf.769792144ddfadee433897b9237a7176.jpg,500,500,48.0,76,74,394,418
17_jpg.rf.79263cb3a03c399445e1e1b53efac527.jpg,500,500,0.1,40,55,454,458
47_jpg.rf.778a74e5fd2ca1475fcd69cd51f898d6.jpg,500,500,48.0,214,94,467,448
29_jpg.rf.76c57a422d13edd12b61ae777a5ac94e.jpg,500,500,48.0,117,45,400,323
63_jpg.rf.78db15909b9f48cec79d0259a7055ebe.jpg,500,500,48.0,219,105,437,362
23_jpg.rf.79979d01118f8063dc62827e54f307ca.jpg,500,500,24.0,188,31,500,379
51_jpg.rf.77977021fe63f5cdd6fa3063e5a2a61a.jpg,500,500,48.0,195,108,420,363
3_jpg.rf.7c21556f810d17629cac913d04afcec0.jpg,500,500,24.0,65,47,448,445
12_jpg.rf.7b2753ad3ebbf6d1cd34b404ad623afd.jpg,500,500,0.1,71,96,436,416
11_jpg.rf.7ca1458ef4e0246757a30f92921341c4.jpg,500,500,24.0,136,60,427,423
40_jpg.rf.7a882f786ca19d66ec6598e99f6f6271.jpg,500,500,48.0,105,49,393,334
29_jpg.rf.7ac9d5f25f1db43fc125f5b763fb0c0b.jpg,500,500,0.1,7,32,462,495
8_jpg.rf.7a38663d0496604e7e1c371c8a874a66.jpg,500,500,24.0,105,60,419,411
6_jpg.rf.7aacc95ee0179332914940e1b725bedc.jpg,500,500,48.0,86,117,393,460
12_jpg.rf.7a6cce1bccf5bbf0675f94e61bff2ce0.jpg,500,500,0.1,84,31,479,388
36_jpg.rf.7e5857c2675515d796e4fa5c8a8e0fc1.jpg,500,500,48.0,72,82,386,420
4_jpg.rf.7ba30faec3ff057155355222a6488b7c.jpg,500,500,72.0,107,86,475,432
41_jpg.rf.79f67dfaf9c404fafe43f118d6552db4.jpg,500,500,48.0,157,99,422,388
21_jpg.rf.7cdd547c7d8cb351f7e1723c87b82b24.jpg,500,500,0.1,53,51,459,469
30_jpg.rf.7809aa3b8406ed7696ce1d59b3bd0888.jpg,500,500,72.0,81,111,431,389
11_jpg.rf.7ef69261ae2088b856fdf880a210f8cb.jpg,500,500,0.1,63,92,448,459
6_jpg.rf.7a37a135635ea75f7578ac9ff0bc5177.jpg,500,500,72.0,208,140,353,260
6_jpg.rf.7a37a135635ea75f7578ac9ff0bc5177.jpg,500,500,72.0,0,164,96,256
6_jpg.rf.7a37a135635ea75f7578ac9ff0bc5177.jpg,500,500,72.0,1,0,125,87
6_jpg.rf.7a37a135635ea75f7578ac9ff0bc5177.jpg,500,500,72.0,243,0,352,53
21_jpg.rf.7f0196f8f8bf85a12d34d94f4424f0f8.jpg,500,500,72.0,65,93,456,453
5_jpg.rf.7cfc896183a859639bc7945e3c3fa9d7.jpg,500,500,0.1,60,107,416,408
5_jpg.rf.7c0f81dd580746d919dbbfc9db11e88a.jpg,500,500,24.0,67,61,404,412
9_jpg.rf.7da09e572f6233856d0da27288210c38.jpg,500,500,48.0,202,112,409,344
23_jpg.rf.7e4df9a52aebf9b1e233d703977ab9a3.jpg,500,500,0.1,32,83,461,495
82_jpg.rf.7d9598644e2ae572b786530c122fe070.jpg,500,500,48.0,132,24,410,257
52_jpg.rf.7dc81ee5343b444fc3669b4993979bbc.jpg,500,500,48.0,160,86,433,383
60_jpg.rf.80142e4357c1874380a10c5b2c129b8f.jpg,500,500,48.0,117,69,381,359
19_jpg.rf.819f94074bf0dc0dca3dcbc4d80b2ce3.jpg,500,500,48.0,82,115,434,395
42_jpg.rf.810787e99911a4d1335f388a9fe2c6f3.jpg,500,500,72.0,54,109,459,469
3_jpg.rf.83c21cd4dec3ccf1af134f8bca669245.jpg,500,500,0.1,70,102,407,389
15_jpg.rf.7f2d24cfe24c53e7ab389e3859597500.jpg,500,500,0.1,72,48,437,370
21_jpg.rf.80577ef6ecbfbe317af7d336236b88a9.jpg,500,500,24.0,43,25,360,358
20_jpg.rf.82c269edf3a27dfb9ca9847b3f998c08.jpg,500,500,0.1,40,55,454,458
14_jpg.rf.8354c1ea17964a65709a02db96f7f26f.jpg,500,500,24.0,164,50,486,416
22_jpg.rf.8437b76a4d58c1c957498d54694c0f22.jpg,500,500,0.1,53,51,459,469
13_jpg.rf.833bf3e732ef200e0cee26916c078e75.jpg,500,500,48.0,76,120,389,459
26_jpg.rf.85dd863b84ad03a9cb72a1cfd2a484e8.jpg,500,500,0.1,39,7,457,289
24_jpg.rf.82868bd7b0bfc7ae916b32156b4dc3e3.jpg,500,500,0.1,43,0,445,418
40_jpg.rf.85e39e0f6deba937f980a61d9e141065.jpg,500,500,48.0,121,78,388,358
17_jpg.rf.828a92ddb96333030f16a3797a506284.jpg,500,500,0.1,83,21,451,362
9_jpg.rf.83c7210f6d9ca13eeee66a49fba73f99.jpg,500,500,0.1,69,108,451,433
31_jpg.rf.84ac9f7afde21eceb7bc782d5a227d02.jpg,500,500,48.0,72,87,387,424
26_jpg.rf.87f1fa1f923a94b020aa2b8a2ad98a13.jpg,500,500,24.0,90,55,413,456
5_jpg.rf.864e0c2350ca15715cab6e69d78148a4.jpg,500,500,72.0,247,215,409,360
5_jpg.rf.864e0c2350ca15715cab6e69d78148a4.jpg,500,500,72.0,0,192,96,284
5_jpg.rf.864e0c2350ca15715cab6e69d78148a4.jpg,500,500,72.0,1,0,125,87
5_jpg.rf.864e0c2350ca15715cab6e69d78148a4.jpg,500,500,72.0,243,0,352,53
54_jpg.rf.85b6d7eed353569d14a056a911a0de58.jpg,500,500,72.0,111,103,458,442
5_jpg.rf.84210b813b4356f60cd85eda5de7be5b.jpg,500,500,72.0,131,82,490,423
22_jpg.rf.858e54c9e2b176a8506d0ea969d13d8f.jpg,500,500,0.1,14,57,411,334
43_jpg.rf.88dc5d20df85439559e0e3c5121b1a16.jpg,500,500,48.0,108,107,445,375
39_jpg.rf.8467cf980271eb14a5085bbba3ff0479.jpg,500,500,48.0,104,55,392,335
3_jpg.rf.89034eb9f739348a929d20d2865f1ce6.jpg,500,500,24.0,58,33,409,361
24_jpg.rf.86aa80bfae4da175bf5ac522957fcaab.jpg,500,500,48.0,186,86,451,434
29_jpg.rf.858a83f8cc4704177ae982ab5aa3c234.jpg,500,500,0.1,55,108,439,446
17_jpg.rf.87ffc93b74dcb21a9e3347423ed3fbfc.jpg,500,500,48.0,116,49,404,326
26_jpg.rf.86f2050233ac50ab8cfd70980f8425ac.jpg,500,500,72.0,82,114,432,388
3_jpg.rf.8363682534173da997254b3919ee36c2.jpg,500,500,72.0,80,93,458,444
66_jpg.rf.87fd1bad8e5d9a3fa5bd427b945da37b.jpg,500,500,48.0,80,69,398,408
7_jpg.rf.89de0a2e6f1805ff888f235afa9fbaab.jpg,500,500,0.1,44,124,433,427
13_jpg.rf.87ed2d75cb86a25aa8b652261e2f4957.jpg,500,500,0.1,51,78,429,398
2_jpg.rf.88df428a993a10993b014505ac6180a8.jpg,500,500,0.1,47,62,427,453
1_jpg.rf.8a9cd5d2fa1ef616529c39eacfbb8453.jpg,500,500,48.0,241,103,495,373
37_jpg.rf.894d00059234887131097d4adf3b8ebe.jpg,500,500,48.0,123,78,384,353
25_jpg.rf.882b4fd5f3350a9d57b07d44db9e812a.jpg,500,500,48.0,82,115,434,390
4_jpg.rf.8c7337f17490c34d12cb01ca8a90e60d.jpg,500,500,0.1,49,6,458,402
32_jpg.rf.8832c0ab1f6b7639161e0b22d11cee18.jpg,500,500,48.0,234,112,500,394
image16_jpg.rf.8c0a532c30941ed9bcaa0f0af3739467.jpg,500,500,24.0,28,26,378,461
23_jpg.rf.8a1ee39466abde2af4db1ccfc9c27d06.jpg,500,500,0.1,11,55,416,332
20_jpg.rf.8baa45191ff7c92930169f704eee5250.jpg,500,500,48.0,120,78,379,356
30_jpg.rf.8afc00f4032d036fa9d60671dda1a0e5.jpg,500,500,0.1,61,91,447,410
28_jpg.rf.89a9ab76c499d7fc41e348ca202caa82.jpg,500,500,0.1,60,64,433,399
7_jpg.rf.8a3c18d8ca0d9c4d206b35a3f4038ab4.jpg,500,500,48.0,121,78,380,354
26_jpg.rf.8b2740b5711f3a9e896677e9f36ba164.jpg,500,500,48.0,122,69,384,348
76_jpg.rf.892572fcdc486125a78775c47850326e.jpg,500,500,72.0,138,25,479,316
61_jpg.rf.8acb23b53117fab5a555b9e78c8b3a32.jpg,500,500,48.0,130,54,412,334
53_jpg.rf.8d44bd9771cbbbed60fa88353b2e9dde.jpg,500,500,72.0,195,172,469,440
64_jpg.rf.8d17f3b7ab556b467252a7c68f254550.jpg,500,500,48.0,154,95,437,387
13_jpg.rf.8a1248dab6a16090efc9925de9f6e4d1.jpg,500,500,24.0,178,53,469,416
22_jpg.rf.84e7c43c40aaa7322d59f65388255f94.jpg,500,500,72.0,84,112,430,394
17_jpg.rf.8d09262e8b4307e929f8b434c787e020.jpg,500,500,48.0,226,132,456,393
50_jpg.rf.8f44345dbdb877c00c0b829091909404.jpg,500,500,48.0,42,86,436,396
38_jpg.rf.8f8668647863f49bd6ba3d4ad873e6f0.jpg,500,500,48.0,177,110,440,381
52_jpg.rf.8bc46babb626b14471e8297f41673ae9.jpg,500,500,48.0,211,94,465,448
55_jpg.rf.8c65587f6fc93957e7ad452ab3cdb799.jpg,500,500,48.0,106,53,396,337
24_jpg.rf.8c13ffc94ec89322e837b4555bcae710.jpg,500,500,24.0,91,44,488,408
19_jpg.rf.914ca566f052f774b21ef89942b97ffa.jpg,500,500,24.0,31,26,399,421
27_jpg.rf.92e6824f4fbe23f1266b48c7f643cd93.jpg,500,500,24.0,165,26,500,385
20_jpg.rf.91b9c01d2603140efab8943e84a018cb.jpg,500,500,24.0,43,25,360,358
61_jpg.rf.8d039150ae793ff0bf6f8afc534e065e.jpg,500,500,48.0,115,61,379,351
40_jpg.rf.9315617ca182acf6b5bdb138507a6375.jpg,500,500,48.0,214,109,440,368
19_jpg.rf.9000aa1c0c150f562e5b7670fd52c5eb.jpg,500,500,0.1,72,84,422,399
9_jpg.rf.930ab93e95d1106002d217595ceabbfc.jpg,500,500,48.0,126,78,380,354
8_jpg.rf.906b49f6faaf209341319b49c8dd3843.jpg,500,500,72.0,96,77,468,430
59_jpg.rf.8fd2550169914e627f640fc52439a8d3.jpg,500,500,48.0,211,101,470,448
15_jpg.rf.92c1d582f51e5f572897076d6bdb316e.jpg,500,500,0.1,51,94,428,426
27_jpg.rf.8e8588ebded068afbe9a4f4c0d222873.jpg,500,500,0.1,68,23,476,343
41_jpg.rf.906d1f6b1bb6bf8415a476adaac58a54.jpg,500,500,72.0,212,201,500,476
61_jpg.rf.8f0bff0105f60dd6b063e85f50ec56e5.jpg,500,500,72.0,190,157,468,429
1_jpg.rf.8ffa89712232b37fba4ac37b919c276b.jpg,500,500,24.0,93,65,421,416
2_jpg.rf.8f57781bf7720cc1ba3400fdf54e798f.jpg,500,500,48.0,91,77,394,418
59_jpg.rf.8e51c5330fc5e2c717e0e790cb017b3f.jpg,500,500,48.0,183,108,402,358
28_jpg.rf.96919da8418a0bccf3077050bd9114ad.jpg,500,500,48.0,205,108,436,359
13_jpg.rf.8f09e4578f4a977975fb46d41f007bad.jpg,500,500,24.0,20,25,309,355
20_jpg.rf.96102628496d9006e355122dddcdd548.jpg,500,500,72.0,84,93,476,453
23_jpg.rf.96c3df75110b160696899b1207ddafa2.jpg,500,500,48.0,186,86,451,434
38_jpg.rf.978631f004f9d3b342d10c3d5c489df9.jpg,500,500,48.0,214,113,426,370
7_jpg.rf.97cd22bb37285c6647eacaa877530a71.jpg,500,500,24.0,44,33,393,401
61_jpg.rf.9670b04e95ab118f607f329d756852d8.jpg,500,500,48.0,80,66,398,408
15_jpg.rf.97f5ad2075aa6f1c917a0b875e8aae63.jpg,500,500,24.0,40,28,328,358
41_jpg.rf.94cc5f8165a75e6a769dcdac6b430bc9.jpg,500,500,72.0,96,104,446,393
57_jpg.rf.9414c767a678312c83c277e070366207.jpg,500,500,48.0,139,59,463,305
6_jpg.rf.96174bcaf9a71946f99e1639955eab26.jpg,500,500,48.0,198,113,412,408
61_jpg.rf.977a3211ed08b892ddd3cdda6c529319.jpg,500,500,48.0,133,37,457,294
15_jpg.rf.975438af1bee574cff962a561d2e13a8.jpg,500,500,24.0,0,22,328,400
10_jpg.rf.9498585af2fe1cc7d2157a0d2eb2b18c.jpg,500,500,48.0,81,125,391,468
57_jpg.rf.967e5a1c155ff1802a5501ed9388160e.jpg,500,500,48.0,133,13,413,284
32_jpg.rf.92da02e872163b8d2fd9c979003ce4af.jpg,500,500,48.0,218,109,425,365
22_jpg.rf.9888679c84eb6a42dd320c1af35f14b5.jpg,500,500,48.0,186,86,451,434
10_jpg.rf.974e3ce60f1ab2f28a07cf852d373680.jpg,500,500,48.0,216,108,413,346
49_jpg.rf.937bf5cc8bed77a28b61ff70fc96dd08.jpg,500,500,48.0,120,80,387,360
25_jpg.rf.982a30f3b28d5f34f22750570bde73ac.jpg,500,500,72.0,177,188,500,486
15_jpg.rf.94f83a4fca89c36efdaf77b3db71091a.jpg,500,500,24.0,164,50,486,416
2_jpg.rf.98ab434a9cda536cd4f002b4c4e692ef.jpg,500,500,48.0,216,124,436,408
29_jpg.rf.98ec85657f97553054bdb4e878c9b878.jpg,500,500,24.0,56,40,482,401
19_jpg.rf.98f8869cead82e70cbb765f8bc7334ce.jpg,500,500,0.1,54,38,446,368
18_jpg.rf.99385ac73b9421760c294dea09088808.jpg,500,500,48.0,86,71,396,402
31_jpg.rf.99c236832db5d02aa262c2f7193ae76a.jpg,500,500,0.1,61,53,459,398
30_jpg.rf.9a336d8e5e679f16c5e064a0433bed9b.jpg,500,500,0.1,57,57,459,394
61_jpg.rf.9b9494cd7bf58ee61b98a92cef40d31f.jpg,500,500,48.0,207,104,427,355
4_jpg.rf.9aaddbd2a110db971d9eac4c8a0471d9.jpg,500,500,24.0,58,26,409,361
48_jpg.rf.9b2ca2cd0763c182b492ad9f0a1007f3.jpg,500,500,48.0,111,59,390,337
26_jpg.rf.9b2dae53c5867a3ab4d671b7960be498.jpg,500,500,24.0,110,51,498,410
16_jpg.rf.9946f08b3447de82657976eb952f1510.jpg,500,500,0.1,45,44,456,462
2_jpg.rf.9a8f7a6517bb205a0abeaf5c2ed4e704.jpg,500,500,72.0,53,86,414,421
49_jpg.rf.9bbe00ea52b2f425ed95f069e3aed5d9.jpg,500,500,48.0,219,108,445,360
33_jpg.rf.99375c3609349301fb32945caefa6b5c.jpg,500,500,48.0,224,110,494,391
16_jpg.rf.9c91643ddb337b36660ec69057890a0f.jpg,500,500,24.0,14,11,413,376
66_jpg.rf.9bf2d32c04861125cdc2dd604961c2ba.jpg,500,500,48.0,115,65,378,340
18_jpg.rf.9dad2efaf1d79f28aac499a96d13ea50.jpg,500,500,24.0,0,5,400,375
8_jpg.rf.9bb31b2a04c982fa1481082bf77287b5.jpg,500,500,0.1,51,139,457,432
47_jpg.rf.9c19a3d4e3a9df4ae53eab0bd4562e7f.jpg,500,500,48.0,120,80,387,360
21_jpg.rf.9caff268304545cd6cb0c0a363b0eb7f.jpg,500,500,48.0,202,140,416,393
31_jpg.rf.9cca3465d057833c3963c79082d07672.jpg,500,500,48.0,219,104,427,378
4_jpg.rf.9d8fd31bc9f4efdf532d80be7496453f.jpg,500,500,72.0,51,71,425,421
58_jpg.rf.a06267e31c02b85e3ebcbc406313de02.jpg,500,500,48.0,211,101,470,448
24_jpg.rf.9dec59c1957406b9f3095ec6822744d8.jpg,500,500,48.0,69,72,387,425
7_jpg.rf.9b747fb37d31e920715df871c28aecf2.jpg,500,500,0.1,77,110,441,428
22_jpg.rf.9b88e2cc8a29da969c0d78326f25b189.jpg,500,500,48.0,183,127,382,385
20_jpg.rf.9e7cd5ef8c63ca1abeb5043fe2e412d5.jpg,500,500,0.1,51,63,443,383
10_jpg.rf.9eb7e9b73b07166f1a4b12685c128878.jpg,500,500,48.0,235,108,495,380
29_jpg.rf.a0a681c85432904eef02d7e0996b5e8d.jpg,500,500,24.0,19,42,368,449
6_jpg.rf.a20d3290786030e1b52fb188bad2ec98.jpg,500,500,0.1,74,39,487,402
23_jpg.rf.9e02db4ac780aa8a79550b225d0321e4.jpg,500,500,24.0,33,45,381,441
37_jpg.rf.a097198100d549c32398419828d9fb52.jpg,500,500,48.0,197,108,466,388
22_jpg.rf.a0e6a81f910e013608f5de1b89292c93.jpg,500,500,48.0,241,113,493,386
12_jpg.rf.a1f38fc3ffca01e0a9c45bc09024220e.jpg,500,500,24.0,151,60,442,423
3_jpg.rf.9f341eca83143a423755c832cc2afe11.jpg,500,500,72.0,91,71,358,297
57_jpg.rf.a06ea03e499ba761c10b385422d2aa1c.jpg,500,500,72.0,115,109,465,448
9_jpg.rf.a10556d82bbdb3b2f47bb756911220dd.jpg,500,500,0.1,43,171,451,462
51_jpg.rf.9e41e71b856b59e91d04536cedc4a037.jpg,500,500,72.0,108,81,459,437
4_jpg.rf.a0e006685bdb992e10edb498311f6371.jpg,500,500,0.1,54,63,430,458
27_jpg.rf.a3ebc5c797d8047a99d9978f922d2d5e.jpg,500,500,0.1,0,0,449,437
57_jpg.rf.a4c46920036653591c09be27e6760f15.jpg,500,500,48.0,122,80,389,361
41_jpg.rf.9ef4e162ccc7e094ef2648ef10cdd829.jpg,500,500,48.0,121,78,388,358
9_jpg.rf.a4bc71b6f6405e92dc87e6d2c86e3a7d.jpg,500,500,24.0,96,49,450,409
44_jpg.rf.a3fae5a59bcb37f6602d88fefca22772.jpg,500,500,48.0,120,80,387,360
25_jpg.rf.9fbcd59a8c2d3a9acaf421c455864c9f.jpg,500,500,48.0,169,113,370,369
12_jpg.rf.a6573ac539c5845c72682bd94c400065.jpg,500,500,48.0,235,108,495,380
image12_jpg.rf.a0d140af0ace573ca45eb6ed9dbcc0f2.jpg,500,500,24.0,26,27,408,452
14_jpg.rf.a514fe4bba473196ac861897598d61dc.jpg,500,500,0.1,71,75,468,364
19_jpg.rf.a7af504369a3d061e88002d548dd1646.jpg,500,500,48.0,124,69,410,343
14_jpg.rf.a5daa7436c80032d59ff1d332c25a1f0.jpg,500,500,48.0,120,78,379,356
41_jpg.rf.a259f9a2d57b972a6b1cd135f112fddd.jpg,500,500,48.0,206,86,459,440
31_jpg.rf.a33cd45bb62ba1111035a595e0cd6fa6.jpg,500,500,48.0,82,115,434,390
4_jpg.rf.a739f039642e7b4f9301ab6e2fff6aa7.jpg,500,500,72.0,141,119,303,264
14_jpg.rf.9ee9a83c99e0b00096c677ae4140eaca.jpg,500,500,0.1,83,60,441,367
46_jpg.rf.a42ae614c93981e8ca173a5ff0c5d3fe.jpg,500,500,72.0,185,176,482,457
50_jpg.rf.a80832951311ae551e45a22927278e7b.jpg,500,500,48.0,160,86,433,383
7_jpg.rf.a6e34f6869e2e5a234cd1b8d5dc1b907.jpg,500,500,0.1,57,92,417,395
52_jpg.rf.a58330eb19a82c876784280b3c893f35.jpg,500,500,48.0,120,80,387,360
2_jpg.rf.a77e2819e7a90d523c46ccd80c2b7f0d.jpg,500,500,0.1,69,80,426,397
58_jpg.rf.a5206e7d9f3c2a2580da1b176fceb8da.jpg,500,500,48.0,82,74,395,415
35_jpg.rf.aa48cf9f62c5039015411b0d61073973.jpg,500,500,48.0,106,69,394,346
19_jpg.rf.a6e2aab49108ee88b679582561d0cb7f.jpg,500,500,48.0,120,78,379,356
18_jpg.rf.a62a2d733daed9aaba5f7a5013c2551f.jpg,500,500,0.1,55,31,455,372
28_jpg.rf.a701fb89abb3a47cfa1c46fe3adc5c59.jpg,500,500,0.1,53,134,433,474
25_jpg.rf.a600e1038ead9aba8c0a217ec96715bd.jpg,500,500,24.0,90,55,413,456
49_jpg.rf.a9dab77e460d099d8e654fff125875f5.jpg,500,500,48.0,108,55,393,335
9_jpg.rf.a84de81cb7f4b9eee557f85326ef04ff.jpg,500,500,72.0,125,89,479,434
31_jpg.rf.a7fa75aa464c8cbe7fb7cae2bb6a4166.jpg,500,500,48.0,206,86,459,440
57_jpg.rf.a9a2047a05e51350fa588962229e8b39.jpg,500,500,48.0,77,70,394,407
7_jpg.rf.a8f2f5c7b6c6dbdbdebf6183dcbb6b8d.jpg,500,500,72.0,80,70,452,423
2_jpg.rf.a6942a994e80b872255b450a4bd1be1a.jpg,500,500,24.0,50,46,472,427
27_jpg.rf.aad46e982691a0adf5c6d83d47669a7e.jpg,500,500,48.0,190,86,455,434
1_jpg.rf.aa9439e6edb6a78230e8080af18713f2.jpg,500,500,24.0,50,44,389,371
67_jpg.rf.ab05920d27f40b10e0a2da43d3a82bf5.jpg,500,500,48.0,115,70,381,340
11_jpg.rf.a910a6e4200f1fbd6bcf1c3eebfd1b51.jpg,500,500,24.0,38,16,372,395
34_jpg.rf.ace0f9c18b60afb0e059951f259b9aa5.jpg,500,500,48.0,206,86,459,440
78_jpg.rf.ac4ce250d75086b91d2051307df924c4.jpg,500,500,48.0,126,9,414,247
45_jpg.rf.ad0ceb084563ce786668119ec97e9d25.jpg,500,500,48.0,74,63,389,397
72_jpg.rf.a928c15b6f9eebfbcacd2066596c89dd.jpg,500,500,72.0,143,35,471,300
8_jpg.rf.a985ebb67c97bd4fc20007d29d6d6549.jpg,500,500,24.0,64,6,365,341
11_jpg.rf.a954f05a2f6cc625e7d72cc6a72e4b4a.jpg,500,500,0.1,41,124,440,447
8_jpg.rf.ac90d29fadff4919610fd8fc17877572.jpg,500,500,48.0,126,78,380,354
18_jpg.rf.acb12215efc28372f4988c0f2f1f2daf.jpg,500,500,72.0,86,118,430,396
43_jpg.rf.ad8ead0a5ec4b74981e9be9d8e926572.jpg,500,500,48.0,107,51,387,336
57_jpg.rf.ab5f1fb39118b04746019cbaa51904a2.jpg,500,500,48.0,186,101,411,362
5_jpg.rf.accffe41575a2a77d08fdea80ce27bc4.jpg,500,500,48.0,240,127,433,410
24_jpg.rf.a9d85bd5cce7bee3da01601a5dc291f1.jpg,500,500,0.1,82,42,476,383
21_jpg.rf.ab47ba9c6725da65e25b58743e6db2ee.jpg,500,500,48.0,116,77,401,358
48_jpg.rf.ad1f8945928b6261d3eb8db620239f04.jpg,500,500,48.0,75,62,395,403
6_jpg.rf.abb3429a4afc2df3468b093016ff8557.jpg,500,500,0.1,73,89,441,486
60_jpg.rf.acb9092b7947a7af9b0d1eb5f7c2f798.jpg,500,500,48.0,160,91,440,383
10_jpg.rf.ac8af4836463c280d738340ad8f101de.jpg,500,500,0.1,74,36,475,390
18_jpg.rf.ae52eb7a84d6d0300522ceddbecdb2bb.jpg,500,500,48.0,120,78,379,356
2_jpg.rf.ac0a1b21f2a9a026a2afc0cf0754fce0.jpg,500,500,72.0,52,61,426,411
71_jpg.rf.ad49e20b6ba094d7142ec8a32542c8e0.jpg,500,500,48.0,119,2,405,236
27_jpg.rf.aee67036646b65febe34e7c7f05d4bc4.jpg,500,500,0.1,31,7,438,432
10_jpg.rf.ad25d5e8745f98d0b4cae42933f8fe1f.jpg,500,500,0.1,67,81,443,441
32_jpg.rf.aff68ced8a86f6df0904c100ad968e98.jpg,500,500,48.0,123,73,384,348
63_jpg.rf.ae102e5de80fb754c7fa8b0120122d75.jpg,500,500,48.0,134,41,457,294
46_jpg.rf.af5dbb4259bee22668f9c99b8ba09a84.jpg,500,500,48.0,30,99,425,413
1_jpg.rf.adfcac8b6c31e94cd9ab71c7534364bb.jpg,500,500,72.0,76,84,291,258
53_jpg.rf.aedb9214f85e91ab5a25135153aff373.jpg,500,500,48.0,211,94,465,448
21_jpg.rf.af20ca68a277685e9c1b8c8e14f87796.jpg,500,500,0.1,78,27,427,320
6_jpg.rf.b098ce69b46678b91806e764bffaee38.jpg,500,500,48.0,235,108,495,380
31_jpg.rf.b0dc718ae8fb46f16e3494194e855540.jpg,500,500,48.0,123,73,384,348
21_jpg.rf.b17c7c786f2e9f4172cf63d7c3e72cff.jpg,500,500,72.0,87,116,432,393
64_jpg.rf.b12dc7f23bc64f89343c2f5faed23237.jpg,500,500,48.0,82,63,398,407
23_jpg.rf.af5ae011e452f9b0bf3e81f90793cea6.jpg,500,500,0.1,70,22,425,326
3_jpg.rf.afdbad0cedc64e0bc022aeb40ebd0235.jpg,500,500,0.1,54,63,430,458
10_jpg.rf.aeed8a79f7378ba415a138a5e7411148.jpg,500,500,72.0,97,79,469,426
27_jpg.rf.b2155f952d5efe52413b6f2412d3ba1c.jpg,500,500,72.0,65,102,456,462
26_jpg.rf.afe29aee0786364e274a9f05dadb25bc.jpg,500,500,48.0,82,115,434,390
8_jpg.rf.b108345a4b9db01160f54f38d2d45eba.jpg,500,500,24.0,88,48,449,402
50_jpg.rf.af8c5f94eafe753a7de10a1ac0c3adef.jpg,500,500,48.0,211,94,465,448
6_jpg.rf.b25d101374b83a7b01dfe1db299ea229.jpg,500,500,72.0,61,60,424,418
51_jpg.rf.b00faaca0ada8c6a49ed51ef28336b02.jpg,500,500,72.0,40,87,439,399
24_jpg.rf.aeaa83e1e5a585fe528e4c5de69cd583.jpg,500,500,48.0,117,58,401,323
56_jpg.rf.b305f1c39654eb13126b38d5026957cb.jpg,500,500,48.0,106,61,378,346
68_jpg.rf.b2f51ee736db02d26ae42ebe3e660f4f.jpg,500,500,48.0,119,77,388,360
48_jpg.rf.b29b6f5b0cbe2ed637b0160f6d08d710.jpg,500,500,48.0,212,109,445,371
38_jpg.rf.b345bcbc69664f11b7bbfae571fec238.jpg,500,500,72.0,90,105,444,390
63_jpg.rf.b264e9fc16e8daa128faa56026db41f5.jpg,500,500,48.0,82,63,397,406
image19_jpg.rf.b373967783906afb8264186441640890.jpg,500,500,24.0,81,37,422,456
30_jpg.rf.b57739e41060471d1b5a0feefb5253c8.jpg,500,500,0.1,38,56,454,500
62_jpg.rf.b57cdb49bf4f93cbfe16bb9da86671c6.jpg,500,500,48.0,214,97,467,451
63_jpg.rf.b6d31ba34ce8dc1e4feb97ecf79dcf8c.jpg,500,500,72.0,136,36,457,287
55_jpg.rf.b54d100403e3a95a5db3bf0d7d3b4d38.jpg,500,500,48.0,204,95,464,452
5_jpg.rf.b4b0d7bc4d7051f5170e2997ffb574e6.jpg,500,500,48.0,121,78,380,354
image30_jpg.rf.b48cd6f98dfa98f6fc14748df74baf2c.jpg,500,500,24.0,0,20,352,451
5_jpg.rf.b45793eec8b44daa96ad5e4bfc73b932.jpg,500,500,48.0,196,112,401,335
4_jpg.rf.b79475f18b4c6007016ef75a559d5955.jpg,500,500,0.1,81,118,429,432
11_jpg.rf.b71d637f4c7e2a4cd816bc571d12d307.jpg,500,500,0.1,69,108,451,433
27_jpg.rf.b8b261c1a4e4c89d4c6b4d172b402ebd.jpg,500,500,0.1,49,143,434,493
80_jpg.rf.b567677fed9337373827ad513405977b.jpg,500,500,48.0,130,21,413,258
54_jpg.rf.aeebcdb82a1cf28510963cb0cc30d899.jpg,500,500,48.0,211,94,465,448
44_jpg.rf.b43bd69cbe9e28c56efc6ba483aefd23.jpg,500,500,48.0,105,51,391,333
17_jpg.rf.b376f4a4bd72cdb9e83957e6577721b5.jpg,500,500,72.0,103,116,470,451
53_jpg.rf.b3b31654703bb008abfeb61943b6e993.jpg,500,500,48.0,160,86,433,383
10_jpg.rf.b91166f09c129f03fdcc2a9cc11a3323.jpg,500,500,0.1,69,108,451,433
14_jpg.rf.b9c60f3ea05ddcbe685117e733b7c073.jpg,500,500,72.0,115,101,466,440
31_jpg.rf.baf322ae8c37da7e645b4841bd611ba8.jpg,500,500,48.0,241,114,500,392
37_jpg.rf.ba456eed331dd397af03ca3cc335852f.jpg,500,500,72.0,90,105,444,390
36_jpg.rf.b89c63c99626d0bf486f61082ed641e5.jpg,500,500,72.0,178,156,468,440
7_jpg.rf.bd4b1c742dade26f6fa9373d001f18ce.jpg,500,500,0.1,67,79,440,456
12_jpg.rf.ba40163810c895014af69d932600ca61.jpg,500,500,24.0,102,42,484,406
32_jpg.rf.b9fea26631e04d9850494a4944d2bb8b.jpg,500,500,24.0,85,25,458,385
12_jpg.rf.b97539c57a07912def1a7acab60642e3.jpg,500,500,48.0,188,86,432,435
53_jpg.rf.bcf60b5bd3aee733748f8ee3de08f219.jpg,500,500,72.0,220,0,500,212
28_jpg.rf.bb7e63ada6e85ecb6d92689f8ef2bfad.jpg,500,500,0.1,44,53,478,400
16_jpg.rf.b724b307279c2f704e58045101bbfbb8.jpg,500,500,48.0,75,112,424,398
35_jpg.rf.b922f27dcd646661f8bc293b264de4f9.jpg,500,500,48.0,123,73,384,348
64_jpg.rf.bac30f2e0808ba25a2dc691a8bf48a00.jpg,500,500,72.0,136,36,457,287
1_jpg.rf.b59822ced4b1f4c22cf86ac39cc50370.jpg,500,500,24.0,65,47,448,445
45_jpg.rf.bcabdb1532410591052ed63f5ce07344.jpg,500,500,48.0,120,80,387,360
17_jpg.rf.c07725dda187fbd302912c45782871b8.jpg,500,500,24.0,35,24,392,410
19_jpg.rf.be4825eb48b5deeca3f1ca3ee7754583.jpg,500,500,48.0,186,86,441,434
17_jpg.rf.b5a237120c087fffd5b34eaf8f7b6794.jpg,500,500,48.0,188,86,432,435
12_jpg.rf.bb42bc94d230be74148b567caa0eed0e.jpg,500,500,24.0,30,15,358,393
4_jpg.rf.bf058a73368dd1268f822bc603d13b67.jpg,500,500,0.1,62,93,421,403
28_jpg.rf.bda82d1b0b26ce5a380fb7bb61990ba3.jpg,500,500,48.0,192,85,457,433
3_jpg.rf.bbbcd449981272f7021b32c61e31d606.jpg,500,500,0.1,72,86,426,405
21_jpg.rf.be6456c88edea569f52644419bb1b0e7.jpg,500,500,48.0,82,115,434,395
5_jpg.rf.bd98fa4af607c382e4688cfe2683f838.jpg,500,500,0.1,51,49,428,376
19_jpg.rf.c1db9cb33bb398f52267e44f7c9740b7.jpg,500,500,24.0,72,0,499,390
56_jpg.rf.c07f50f591104fb6a058717b34a08d4d.jpg,500,500,48.0,160,89,437,383
image29_jpg.rf.c113509297b8fd949793cd5c67124c92.jpg,500,500,24.0,24,21,396,453
28_jpg.rf.bda101f357c0f10c21502ca56584b867.jpg,500,500,48.0,82,115,434,390
25_jpg.rf.c151c27b7c14a67ac8c379cb05ede141.jpg,500,500,48.0,241,113,493,386
46_jpg.rf.c151f79bbd2a05421946be144406d7fe.jpg,500,500,48.0,141,84,433,383
7_jpg.rf.c1af63b1f275949362eef0239ad1b934.jpg,500,500,48.0,112,47,392,331
9_jpg.rf.b23aa312ec925c2f224f4f30d51324bb.jpg,500,500,24.0,115,59,419,410
10_jpg.rf.c1e9e0a6f0d77be47bfa7f7aeb9d32c8.jpg,500,500,72.0,117,95,468,427
36_jpg.rf.c12e02f65464fb5537ca3d3b2e1d2523.jpg,500,500,48.0,224,110,494,391
29_jpg.rf.c339a2602eb3046d822353200c7bc079.jpg,500,500,0.1,55,78,432,403
52_jpg.rf.c4a3da9deb9fbfd4a4a248d607522fca.jpg,500,500,48.0,175,12,500,278
29_jpg.rf.c184457c3cd9a8c3d359d576c4a957e5.jpg,500,500,0.1,41,68,478,438
33_jpg.rf.c4a7334f0a65e843f9b6663f0fdd2fae.jpg,500,500,48.0,219,108,432,358
43_jpg.rf.c0ec6e6000ba89e3903258f6f1368b12.jpg,500,500,48.0,161,76,429,376
13_jpg.rf.c1dba6b10123afad3b3439ddee066e41.jpg,500,500,0.1,78,27,478,391
image10_jpg.rf.c1ec433acaaea8fc89d0fc33b34e7185.jpg,500,500,24.0,26,27,408,452
29_jpg.rf.c323cb1f157213ee4c6bbeec7adbe842.jpg,500,500,72.0,86,114,431,393
5_jpg.rf.c4638b1ed33e3a4520e5ab2332f7b6d4.jpg,500,500,0.1,76,43,490,415
59_jpg.rf.c126771c1301624e645859eefd2dacaf.jpg,500,500,48.0,122,79,385,369
20_jpg.rf.c2e34dc2714a39b3016cb5a8ccee5ef1.jpg,500,500,48.0,118,72,406,348
47_jpg.rf.c534286adaa12a593a2482bd3c1007b7.jpg,500,500,48.0,160,83,437,383
22_jpg.rf.c4e4728640a7fad01de09e08ba88fd53.jpg,500,500,48.0,129,67,404,334
29_jpg.rf.c5bb59993c374867c692197b346bb3b0.jpg,500,500,48.0,241,113,493,386
13_jpg.rf.c466e47921c6eee510d2e58c49fcb231.jpg,500,500,24.0,6,21,334,399
7_jpg.rf.c64d57124f9d562e13711988cb205560.jpg,500,500,24.0,63,10,373,343
30_jpg.rf.c6e500f69dc17363f5f4972dfc922db2.jpg,500,500,48.0,115,46,401,333
19_jpg.rf.c67e7687de90e7ce32373e6496cada72.jpg,500,500,0.1,68,0,449,318
19_jpg.rf.c6f3f05a27e21a01eaf5ec6e9b5c4876.jpg,500,500,0.1,40,55,454,458
50_jpg.rf.c7eb55d1ddb90a540dcd4a17cd8e5c65.jpg,500,500,48.0,212,107,438,361
15_jpg.rf.c4c50622f032fff5cdb37f6dd0c835a1.jpg,500,500,24.0,39,13,452,381
8_jpg.rf.c347a3a7d16db2c29e383b9cd83762a5.jpg,500,500,0.1,42,55,448,438
26_jpg.rf.c6649a66bdb20981dbdfba97cf1ea2df.jpg,500,500,0.1,46,104,444,457
11_jpg.rf.c631d2dd307f1997dc5fcf3f42328538.jpg,500,500,72.0,108,97,472,436
1_jpg.rf.c530361a7cfa0b8b282857bca263a754.jpg,500,500,0.1,78,42,491,414
65_jpg.rf.c6ec4f4c140384ccfae91fd5ad12dde6.jpg,500,500,48.0,209,112,429,365
33_jpg.rf.c9c9c1a03b028b0e501c2113602f3c74.jpg,500,500,24.0,124,39,461,380
38_jpg.rf.c934404c3194c1454fa06501f120e5ab.jpg,500,500,72.0,171,178,468,459
11_jpg.rf.c4ef6bc2d6c1f3cd97346e209e622127.jpg,500,500,72.0,78,89,385,344
23_jpg.rf.c764592814d73d992b7a4d6ecb550c77.jpg,500,500,48.0,123,74,382,353
14_jpg.rf.c94fff461355bb6aa5c96848bff3d267.jpg,500,500,48.0,235,108,495,380
42_jpg.rf.c8658e77daafcd7377ef27fc8f55a434.jpg,500,500,48.0,161,76,429,376
34_jpg.rf.cbf50a40952d6fa5ddac84c8367fd40f.jpg,500,500,48.0,82,115,434,390
67_jpg.rf.cbfcbaaa99dd45cc75769d9ca88ebf89.jpg,500,500,72.0,141,28,464,298
31_jpg.rf.cacd55e2cabd310e30adde92429a78d9.jpg,500,500,48.0,114,51,398,329
47_jpg.rf.c8d877facff82e6b942ae317dfea359e.jpg,500,500,72.0,28,99,427,412
1_jpg.rf.caaa29374d5e70fd257987c505c5973c.jpg,500,500,48.0,103,76,398,403
27_jpg.rf.c73ffbd5ec7be113854204e29b37fb8f.jpg,500,500,48.0,82,115,434,390
8_jpg.rf.c84794afa9269dbf81c15a6fe4d1a784.jpg,500,500,24.0,46,27,395,395
69_jpg.rf.cb095711bb5ea3fecfff1784e91d602b.jpg,500,500,48.0,126,91,386,373
32_jpg.rf.caf045258ffdfaa3daba9fa86eba136b.jpg,500,500,72.0,50,100,463,456
10_jpg.rf.c797fc20e38128525fc8893d53820ed4.jpg,500,500,24.0,46,25,395,393
24_jpg.rf.cca8b08d3228ae613e6c6e403d2bdb13.jpg,500,500,24.0,183,27,496,368
52_jpg.rf.c9ecdd97368c99abd51435655271b0a2.jpg,500,500,48.0,193,112,405,360
44_jpg.rf.cd4644383a6f3fdeb3783a3940ff4ddc.jpg,500,500,48.0,205,114,422,370
30_jpg.rf.cbec8a978daecd2248169b58bd1d18a6.jpg,500,500,72.0,50,100,463,456
36_jpg.rf.cc838c92f6b5a5d08b35d661e2ebb05c.jpg,500,500,48.0,219,100,445,383
23_jpg.rf.ca9955a6467b96daceb3c523ee64eddc.jpg,500,500,48.0,82,115,434,390
17_jpg.rf.d012033e52e675623110b3ebab4188b5.jpg,500,500,24.0,96,16,500,419
71_jpg.rf.cb564d9cdec43d52699eba05ae66b2c3.jpg,500,500,72.0,187,166,465,438
16_jpg.rf.cd2496fc70131324d0f9de928c6d04a5.jpg,500,500,0.1,42,71,414,408
17_jpg.rf.d06626251efe29100322b03a5cbe296a.jpg,500,500,0.1,32,66,400,403
62_jpg.rf.cbf6491ddd76aa708787c46eb9ace4cc.jpg,500,500,48.0,125,62,407,345
3_jpg.rf.ce99582615b566654bdd4d72195be2cf.jpg,500,500,0.1,58,23,451,398
60_jpg.rf.cefd52fe804bda1850f4df90e8450b00.jpg,500,500,48.0,81,65,397,406
2_jpg.rf.cd4ece18f6c3d63972876b10ff192f09.jpg,500,500,24.0,65,47,448,445
26_jpg.rf.cde27a175431f3bba6650fedc19fcf72.jpg,500,500,72.0,186,191,493,485
11_jpg.rf.ce42986f4e300462facd33985cabd51f.jpg,500,500,24.0,64,2,365,341
57_jpg.rf.ce9027c183fe6c0586a8fb2ff35f092c.jpg,500,500,48.0,160,89,437,383
65_jpg.rf.c76855a9d32ee7909aeb6353e009e0c4.jpg,500,500,48.0,115,65,378,340
27_jpg.rf.cf80b5224c911fb05147af9bc68e2b02.jpg,500,500,48.0,193,108,402,369
1_jpg.rf.ccf5e367a2b9c099ebfbf86d916c9fed.jpg,500,500,24.0,50,46,472,427
18_jpg.rf.cfbf45ace05552eed3cdfde13fa865e0.jpg,500,500,0.1,57,20,441,361
52_jpg.rf.d0b8a3ccdfae2e985b1ce3ab01a5176e.jpg,500,500,72.0,174,12,500,276
75_jpg.rf.cd2644b49975363c7e289f93f3dff70c.jpg,500,500,48.0,141,18,478,279
3_jpg.rf.d220c09f0e897ea1c38c43f8ec6ae6a3.jpg,500,500,48.0,190,110,400,346
3_jpg.rf.d101f57be50c48ada2f81e8874a4b4f9.jpg,500,500,72.0,51,71,425,421
14_jpg.rf.d18e391905a39640022c71b4e136d160.jpg,500,500,0.1,63,92,443,460
23_jpg.rf.cfeab4f9e1ff0b3cbf4b3810a8c2fb92.jpg,500,500,0.1,85,61,473,405
50_jpg.rf.d3d2bbb4e2e0a1be0cbc6318eeb276d9.jpg,500,500,48.0,76,74,393,406
12_jpg.rf.d28c236ad1b4be819f56eaa60b17342d.jpg,500,500,72.0,93,69,484,429
27_jpg.rf.cdafd1947c98e76316fbd2080b29599e.jpg,500,500,24.0,89,45,477,404
70_jpg.rf.d47f0383fe6eef0b1f2b62c3b8ce0893.jpg,500,500,72.0,187,166,465,438
58_jpg.rf.d349be5c92aca4bfe4521c82732c858f.jpg,500,500,48.0,139,59,463,305
12_jpg.rf.d3e6f70be0e184dc3a34d401fabdd7c2.jpg,500,500,0.1,45,44,459,474
9_jpg.rf.d27e38992509a2be0e76dfac181b72b9.jpg,500,500,24.0,64,0,365,341
48_jpg.rf.d090a67889e76dbd7e2fee708b60447f.jpg,500,500,48.0,38,87,433,401
79_jpg.rf.d37d18c04a8b1121657ae1bd4c1e2ef8.jpg,500,500,48.0,130,10,412,252
33_jpg.rf.173396da3ce260c011a724d9a9d19beb.jpg,500,500,48.0,206,86,459,440
4_jpg.rf.173d87c890ec42c9741c620eff362032.jpg,500,500,48.0,116,53,388,334
6_jpg.rf.176940bd95839d9e54736f1c66cd7a12.jpg,500,500,48.0,114,48,378,326
59_jpg.rf.17988abe1d9c21462e7b5a4ae4a14d67.jpg,500,500,48.0,135,34,425,315
27_jpg.rf.17dcb0003bbde48723ef3c8ab15799b8.jpg,500,500,0.1,48,38,473,350
1_jpg.rf.18e41afaad05c97d828e9050841173a9.jpg,500,500,72.0,74,82,292,258
31_jpg.rf.192d9bef23b350b37eee360bcc08fd54.jpg,500,500,0.1,57,71,485,442
13_jpg.rf.19a2ac3b805548dccdd44e4bd5d91e9b.jpg,500,500,48.0,235,108,495,380
5_jpg.rf.19e6e1d911080bcc10494a33d576d416.jpg,500,500,24.0,81,35,443,409
18_jpg.rf.17f9e2e65303532efec73359f763780a.jpg,500,500,24.0,58,24,426,419
28_jpg.rf.19b35516089790f1f3f0f92eaa555c6d.jpg,500,500,48.0,116,49,397,331
49_jpg.rf.19d416484c6bb3bf24641d31d922fb0d.jpg,500,500,72.0,176,168,461,437
25_jpg.rf.1a458bf01fc07cfb12dd3474a2b85ca5.jpg,500,500,48.0,190,86,455,434
38_jpg.rf.1a7fb772d501b45a98f6f8913aeb6bb8.jpg,500,500,48.0,96,114,442,392
24_jpg.rf.1bb93f9c71fc0146d8e5d7ef272d5e15.jpg,500,500,24.0,50,53,398,449
1_jpg.rf.1b68fd7c62d4c6b9ff4866d8ce596f32.jpg,500,500,0.1,84,118,432,443
42_jpg.rf.1ae7fe92703a873bf4cc52f9c050e2cd.jpg,500,500,48.0,121,78,388,358
16_jpg.rf.1c4b483c20d30ff520a8436f6e94dcf9.jpg,500,500,24.0,14,17,368,398
18_jpg.rf.1bd23b54c8c18be8d65998b905bc4818.jpg,500,500,72.0,110,118,465,463
35_jpg.rf.1ba4cd8128ebe53c82a3515d48bdda7b.jpg,500,500,48.0,224,110,494,391
1_jpg.rf.1e5687cb1afd7076017bab77047120f3.jpg,500,500,48.0,117,55,392,329
69_jpg.rf.1cb243881e7df4b3b99cfc5d4b49e2c8.jpg,500,500,48.0,118,16,402,251
11_jpg.rf.1edd37a8cbb7537d7dfa6e442fca0f18.jpg,500,500,48.0,126,78,380,354
13_jpg.rf.2006cdb317f99132e5029f38281dcae9.jpg,500,500,72.0,87,86,479,446
69_jpg.rf.1cc939bada3bc3129c930d19da466279.jpg,500,500,72.0,145,34,470,298
49_jpg.rf.1d6d82d136930eaf91ab8bcde72d6946.jpg,500,500,48.0,160,86,433,383
6_jpg.rf.1c7365346bfb0f90cca37201e7bee440.jpg,500,500,0.1,56,81,425,389
42_jpg.rf.1d08ce0bb4d0218ddf58a3362b0881c9.jpg,500,500,48.0,206,86,459,440
10_jpg.rf.1f4ed003f674fa8574be456d25916869.jpg,500,500,48.0,116,45,398,319
49_jpg.rf.1fae3850b6d750405d048f1838507340.jpg,500,500,48.0,211,94,465,448
47_jpg.rf.1b81e7ee3e629b2a1764a541da0c3473.jpg,500,500,72.0,195,178,483,459
1_jpg.rf.1fc133f3e67307354415bf5bc10048ef.jpg,500,500,0.1,57,67,450,442
44_jpg.rf.1d0e0b914d71b045e58c58102bb1caf9.jpg,500,500,48.0,150,81,436,380
15_jpg.rf.21e5143937d955fafad7638e60d54290.jpg,500,500,0.1,72,31,474,396
2_jpg.rf.229fe01f9e06d4a8f93ddf707d648656.jpg,500,500,48.0,198,112,405,340
4_jpg.rf.1e349f8223fd578d8a66b89d425262a0.jpg,500,500,0.1,64,65,433,384
7_jpg.rf.2055d9a320e3798336bc617a95387ba5.jpg,500,500,48.0,197,113,389,345
4_jpg.rf.1d60c8bf52e1a6f2970076d5ddfe296b.jpg,500,500,48.0,193,112,398,337
image7_jpg.rf.228af166dc92e38cdca987bd4396d0c0.jpg,500,500,24.0,54,35,433,444
66_jpg.rf.213ee64a24b066076331c6b268e5a3a4.jpg,500,500,48.0,134,41,457,294
4_jpg.rf.1de3f82b3b31856236d3cfabdf2b035f.jpg,500,500,24.0,67,61,404,412
50_jpg.rf.22e23c2b0b066114fe2f57a456d38d02.jpg,500,500,48.0,120,80,387,360
18_jpg.rf.208fb575ea1e4711c23fae1ca82df3c4.jpg,500,500,48.0,122,56,404,336
21_jpg.rf.1fef68117cb38809be3c5f7e1c1da02a.jpg,500,500,48.0,186,86,441,434
65_jpg.rf.21eb1a660a02b070c3b61021e0cccfbd.jpg,500,500,48.0,206,86,459,440
2_jpg.rf.228baeb3c4983ee32a2720f0ed70fb29.jpg,500,500,24.0,86,65,414,416
5_jpg.rf.24c112c0c6f2d646a505ab1e1bc8150d.jpg,500,500,48.0,235,101,495,373
58_jpg.rf.2286167d6e432db176e663fe2dc1ab6b.jpg,500,500,48.0,160,91,440,383
55_jpg.rf.21adb50ecfbd1021eb2d78df61258191.jpg,500,500,48.0,150,37,464,289
15_jpg.rf.1fe887adea5ee4f402e866de66040431.jpg,500,500,48.0,235,108,495,380
21_jpg.rf.233021e1375b47b822f32b6992fadbdc.jpg,500,500,0.1,61,59,456,414
20_jpg.rf.2342fcac06e3a98abe8d1b4975555138.jpg,500,500,48.0,241,113,493,386
24_jpg.rf.26324adeaeccc8c5332dc336bf2e7027.jpg,500,500,48.0,82,115,434,390
41_jpg.rf.2790c9889868caf06e60ec9ccdd57a1d.jpg,500,500,48.0,112,108,449,377
30_jpg.rf.25a79040ab093d39dccf338394f2624b.jpg,500,500,24.0,0,45,338,444
36_jpg.rf.234615d44a07e3f7c2fdc1d0d7ac4fe4.jpg,500,500,48.0,88,116,437,388
10_jpg.rf.2424ce3d85c1e5f437019325dfb0bdc3.jpg,500,500,48.0,126,78,380,354
16_jpg.rf.25541e51ba7bb2c527a1e766702e8523.jpg,500,500,48.0,188,86,432,435
55_jpg.rf.27665619373906ad91d8656f500135b1.jpg,500,500,48.0,177,102,405,362
45_jpg.rf.257c44f90741d3087f1d9b6c3cae1616.jpg,500,500,72.0,190,176,484,454
2_jpg.rf.250b4b07eef3aed9c3ddbfdd70fdc088.jpg,500,500,0.1,77,101,399,381
32_jpg.rf.26e81db1e6da9effe0528c2c3b42b556.jpg,500,500,0.1,67,81,459,425
17_jpg.rf.2384b49f0b8512beae221267fa652644.jpg,500,500,48.0,82,107,435,395
56_jpg.rf.2314b7ddff3a3247c9c08a467e797706.jpg,500,500,48.0,121,81,389,364
45_jpg.rf.24a9af038b06a661dda0d5825f48e669.jpg,500,500,48.0,107,60,380,332
3_jpg.rf.29a10cb0be1ecc541813dffa546ad29c.jpg,500,500,0.1,86,46,497,419
56_jpg.rf.2a27a0ff96119f99a6b2dfd8dc3983d1.jpg,500,500,72.0,149,43,459,294
70_jpg.rf.279e846351f38c699c63a4a7305c4cbf.jpg,500,500,48.0,117,1,402,229
50_jpg.rf.29adf5dc358531520ba6b96686b9481b.jpg,500,500,48.0,107,56,399,335
26_jpg.rf.2a0917d3b6c883b2445cd52dd51d5ee5.jpg,500,500,0.1,36,0,443,424
7_jpg.rf.29b0d7582ffd3a56c90c894ebaa0c6f6.jpg,500,500,0.1,68,25,482,390
40_jpg.rf.2a53c8ff758312d07ca00dd263ff566b.jpg,500,500,48.0,97,113,444,388
74_jpg.rf.2c4072a4fcda44b8b653bffe68081439.jpg,500,500,48.0,141,16,478,276
49_jpg.rf.263a93f51e3d3421a9e780ab3944afd9.jpg,500,500,72.0,222,182,500,448
31_jpg.rf.27cbf74734caeff5eeb7226a3b4e1d55.jpg,500,500,24.0,0,50,321,449
51_jpg.rf.2c6478b5386422cf2104c6b58f4ec2f9.jpg,500,500,48.0,108,54,387,343
9_jpg.rf.2aafc8dfa66c4c451e5be9ab6c14b189.jpg,500,500,24.0,46,25,395,393
4_jpg.rf.2c7eaee310f2fc58113828c5a5d54dd3.jpg,500,500,48.0,96,65,400,403
30_jpg.rf.29fc3a30f011782848d0135c545e63bc.jpg,500,500,0.1,13,37,457,492
57_jpg.rf.2ccaae9504a8555c0a54ab9241a46cbf.jpg,500,500,48.0,212,93,470,455
55_jpg.rf.2b79c5845fc0318bcd5bf73026c01ef1.jpg,500,500,72.0,108,104,467,445
14_jpg.rf.2c62555d5e4195564e434d86d13148ff.jpg,500,500,72.0,87,86,479,446
10_jpg.rf.2d8530354a3c8e4473ed94215db17ed3.jpg,500,500,24.0,121,60,419,411
22_jpg.rf.2b206ef5a913774ab44aa0e3c7934931.jpg,500,500,72.0,65,93,456,453
8_jpg.rf.2de3c09a7f1cd3657d1e7da1de42b1f1.jpg,500,500,48.0,110,41,395,332
62_jpg.rf.2af9c1b2e70b86fb305de91e9961de8e.jpg,500,500,72.0,190,157,468,429
58_jpg.rf.2d738fa0cc1c2f82b6f81bd362553de6.jpg,500,500,72.0,143,49,459,302
61_jpg.rf.2c6232f7073238eee7c6e745ae37d964.jpg,500,500,48.0,212,96,468,453
48_jpg.rf.2eb51073f9606e2fdc9f5d30fe2855a4.jpg,500,500,72.0,40,87,439,399
60_jpg.rf.2afc963aa97d696bb31cf6b0553404d4.jpg,500,500,48.0,132,39,457,293
23_jpg.rf.2ba3c9444db32567f9c4d139cc1fcad9.jpg,500,500,72.0,65,102,456,462
11_jpg.rf.2f34405ecba05cdbf125fba8a7f48814.jpg,500,500,48.0,224,107,447,358
23_jpg.rf.2a4d7395c8cf779d2887c706c234b7b1.jpg,500,500,48.0,241,113,493,386
2_jpg.rf.28c3d221f51c35df4f91fdcbaccc2717.jpg,500,500,24.0,50,37,394,371
39_jpg.rf.2f980b73cd457cc2f80805b8b3cf286a.jpg,500,500,48.0,97,113,444,388
64_jpg.rf.27ec7dd9c53379abcfe3b0255f5b12bd.jpg,500,500,48.0,219,109,430,367
34_jpg.rf.2f214b3675576b08a4fa4523ca20c11e.jpg,500,500,72.0,82,108,436,393
12_jpg.rf.2f07cc9dbd2ca7791a6fe910543ffb38.jpg,500,500,72.0,70,118,390,393
81_jpg.rf.2dfbeeeb4d20eab5cc19abd2fb3a8428.jpg,500,500,48.0,132,22,412,261
4_jpg.rf.2fa3f874c499ff445a540d2182d0d468.jpg,500,500,0.1,76,55,490,425
57_jpg.rf.2c960904711b700bf086564ccc60eed0.jpg,500,500,72.0,143,49,459,302
31_jpg.rf.2c913acf27b1bf043ca5711cd1dec713.jpg,500,500,24.0,74,20,446,390
16_jpg.rf.311fdadae4044e3d476edb5fd7ad55cd.jpg,500,500,48.0,235,108,495,380
64_jpg.rf.2ed2b83cc6f0ca25c902cbb32b37659c.jpg,500,500,48.0,124,63,397,339
15_jpg.rf.325d134d4e66c0669164a6eb335d9a8f.jpg,500,500,0.1,45,44,456,462
14_jpg.rf.31a8c485c39242a6930b68e0a29bf42f.jpg,500,500,24.0,20,25,309,355
28_jpg.rf.319fbcec8df691c24125ca5f1c04f474.jpg,500,500,0.1,0,0,460,453
64_jpg.rf.32c5097f3d7107497bfebf897912e9be.jpg,500,500,72.0,205,164,483,436
26_jpg.rf.2dc398e4987c90236c5c55c8ae78ea4d.jpg,500,500,48.0,241,113,493,386
10_jpg.rf.338a831c567e748545d26911b4bbc9f8.jpg,500,500,0.1,57,78,471,483
16_jpg.rf.30676922364d26a7e953c5016b2c018b.jpg,500,500,0.1,67,79,450,388
3_jpg.rf.3117b8fa869f76bcb39ed456087830ce.jpg,500,500,48.0,105,43,408,382
69_jpg.rf.3150fb6003dde6ee004cce93b4c645e0.jpg,500,500,48.0,147,42,470,295
60_jpg.rf.312556a1735f11ca40831e7e0793f847.jpg,500,500,48.0,141,35,419,310
image8_jpg.rf.309fe478af8d3c9790a1b7404d142dc2.jpg,500,500,24.0,54,35,433,444
9_jpg.rf.34eecdeeb2b6b0b0cdb74cd035f69fe9.jpg,500,500,0.1,52,76,462,469
22_jpg.rf.333d5774169eea22858dee06dd3e49fe.jpg,500,500,0.1,82,83,470,427
image31_jpg.rf.2ce7a250b4c71caa2cf7348e36a53550.jpg,500,500,24.0,0,10,355,456
22_jpg.rf.317e3043801e5064021707311eb595ae.jpg,500,500,24.0,47,40,395,436
39_jpg.rf.33b9c5aa65dc6bab749c02eabcceaaf5.jpg,500,500,48.0,121,78,388,358
33_jpg.rf.34a8d5e3af9fa67cca748f5a9a2d5b9c.jpg,500,500,72.0,162,148,467,446
image18_jpg.rf.3488b38194cb703d71777b09b64b78c1.jpg,500,500,24.0,41,31,382,459
13_jpg.rf.31f9792b494c686399f5fe10791709fa.jpg,500,500,0.1,63,92,443,460
23_jpg.rf.32f4d5fe34e9cd4277950ff22e79b949.jpg,500,500,72.0,189,172,500,500
24_jpg.rf.2f70cfecca3f213097234d34044ff1cc.jpg,500,500,48.0,164,121,371,366
27_jpg.rf.356a00e91e0ad7eb4307ee07d487210d.jpg,500,500,72.0,177,175,500,475
21_jpg.rf.368a99badd431ca15adaba820de855e3.jpg,500,500,24.0,4,32,404,398
8_jpg.rf.359e499e8f5bb67884206d343f840979.jpg,500,500,72.0,126,87,485,432
13_jpg.rf.3316ef2796dd901e6fc45ae29bd10b0b.jpg,500,500,72.0,113,98,476,435
16_jpg.rf.35e0ffd94a498601788d076ce90a7812.jpg,500,500,72.0,77,114,421,395
33_jpg.rf.369c7537a3ccaff0a788300841034f9b.jpg,500,500,72.0,54,97,459,457
28_jpg.rf.36d7a8e6620d8cf936ad7affb9f17e8a.jpg,500,500,24.0,50,46,399,453
32_jpg.rf.35c4b1bbf600348acbad54d94bc63c03.jpg,500,500,48.0,75,84,387,419
52_jpg.rf.35ff245fef284ebfcf8460d7a18d0ff9.jpg,500,500,48.0,105,63,393,347
19_jpg.rf.35ed8d35d164edbc4667500f7424f8df.jpg,500,500,72.0,87,116,430,390
37_jpg.rf.353aa62e36b80504a55a85a87fb713cc.jpg,500,500,48.0,206,86,459,440
image32_jpg.rf.35b6d3b9038a0203e17f6b03b962204f.jpg,500,500,24.0,0,7,369,453
17_jpg.rf.36e0e81099e64923ddcffec7f18141f7.jpg,500,500,48.0,84,74,396,408
34_jpg.rf.38ee9d8018ed43b087053de35f7adbce.jpg,500,500,48.0,123,73,384,348
5_jpg.rf.3a42ab9f48240c642ccde049b4549015.jpg,500,500,0.1,47,27,456,423
9_jpg.rf.35110b17754e279584a3a4391b68c521.jpg,500,500,48.0,202,77,455,429
56_jpg.rf.3844f39fc0319fdbc7c311e02c647a59.jpg,500,500,48.0,184,107,405,356
41_jpg.rf.380537f0e1fc8f185c2ff3732db19d3f.jpg,500,500,48.0,218,112,425,357
3_jpg.rf.36e70700459b3ca198fffb4330957d71.jpg,500,500,24.0,36,47,450,419
6_jpg.rf.39e3dde4dc623079a042aa9d309a704d.jpg,500,500,48.0,198,112,398,342
28_jpg.rf.3b3027fa9ce5d2de2a6605c115071f41.jpg,500,500,0.1,28,28,444,472
16_jpg.rf.3aa27a757f37f06dea94146a2c54f898.jpg,500,500,72.0,87,94,479,454
43_jpg.rf.3ad73360bf350c838653934a70dcfdc4.jpg,500,500,48.0,120,80,387,360
33_jpg.rf.3c10584ccbc8f40d15fe1055c804d362.jpg,500,500,48.0,112,44,398,321
31_jpg.rf.396d428a7df121cb98507790a22e7fe2.jpg,500,500,0.1,37,71,453,500
1_jpg.rf.37eeb426b6d68e5057b142bcfacdc49d.jpg,500,500,48.0,211,97,411,326
image9_jpg.rf.3b498fb795a7694e27350f50d8b0f9a9.jpg,500,500,24.0,40,26,422,451
61_jpg.rf.396de239a11e59b17464ed79caf4962e.jpg,500,500,72.0,140,36,461,287
33_jpg.rf.3e14488b340581b2f35991f450c70d8a.jpg,500,500,48.0,83,114,435,392
74_jpg.rf.3703679610ee86e56f5e5b737793e60e.jpg,500,500,72.0,142,14,479,279
58_jpg.rf.3727704a11cced3b43315f7d26ddce53.jpg,500,500,48.0,178,109,407,359
15_jpg.rf.3cd716ec59d3803f0df0e7d8a740ddbb.jpg,500,500,0.1,63,92,446,401
55_jpg.rf.3b19f93aefc5f35a84edc3ce8f7d26db.jpg,500,500,48.0,126,80,387,360
10_jpg.rf.3f3c46c291f0ffe724566746912f5264.jpg,500,500,24.0,102,48,450,395
14_jpg.rf.3dbc7e7764c24a97510b5757566f877e.jpg,500,500,0.1,51,33,459,444
9_jpg.rf.3f79e2fd367635970ea81ff8708aa136.jpg,500,500,0.1,67,78,440,435
16_jpg.rf.37505a0089576d0c344765fbec1f3db4.jpg,500,500,48.0,120,78,379,356
33_jpg.rf.3dcada4471d43f8ffffcd9cc563044cf.jpg,500,500,72.0,82,108,436,393
25_jpg.rf.3f6762e9014db4d85d52d00eb620e4ca.jpg,500,500,0.1,17,4,450,423
17_jpg.rf.3f162d2bdfa220a65bbbd044e7754e6a.jpg,500,500,24.0,40,28,359,358
29_jpg.rf.3ff07c7c1b8315d3d00ce441a02339c2.jpg,500,500,48.0,211,77,463,435
10_jpg.rf.3e1fdb701160cb9bdcd31b0cba71745a.jpg,500,500,0.1,49,174,437,470
36_jpg.rf.3ae1d783f10129fd05c7d4becf149892.jpg,500,500,48.0,123,78,384,353
15_jpg.rf.3f1fe3b993ec44702a0b0e8cbc9748a3.jpg,500,500,48.0,117,42,397,316
40_jpg.rf.418c6e511b1a92350089c18af93858b6.jpg,500,500,72.0,208,206,500,475
32_jpg.rf.415d79c8e31771d2088631f04f22dd74.jpg,500,500,0.1,44,71,459,500
12_jpg.rf.3b14216032ab99792ac00bfb692965ac.jpg,500,500,24.0,64,18,328,339
7_jpg.rf.3cc4c2f2476bd42fd5314a29e1899e50.jpg,500,500,0.1,41,42,447,431
4_jpg.rf.3e493950a5177ce581c802a2c84fe6a3.jpg,500,500,48.0,226,130,422,408
55_jpg.rf.3fe7149945621c1e23d3f737d6689b6f.jpg,500,500,72.0,181,163,480,431
56_jpg.rf.403e2362b69ebf9a7cc26aea0ccecf4d.jpg,500,500,48.0,77,74,395,409
74_jpg.rf.418bd818c79cae03c245b3529f2f1bcc.jpg,500,500,48.0,129,18,409,249
18_jpg.rf.4220c9413adbdd3609a27ced4e6147a7.jpg,500,500,72.0,87,94,479,454
6_jpg.rf.419334ada563ec8b812f551114ebddf0.jpg,500,500,24.0,56,14,393,351
39_jpg.rf.44661ab4ffedeffbf78648e62a687551.jpg,500,500,48.0,217,111,412,363
12_jpg.rf.4233176a3ae9a7b4a443eb065f850ecc.jpg,500,500,48.0,191,122,416,384
49_jpg.rf.44045aaf942daf504356e5d989973ed4.jpg,500,500,48.0,73,69,393,402
image22_jpg.rf.424a232d94547db8a0bede44837aabb3.jpg,500,500,24.0,35,31,398,449
20_jpg.rf.48724a138c27222df201f1c4d97ebb3e.jpg,500,500,48.0,217,128,440,391
58_jpg.rf.457731e848f91e6fb33674d1a8df905b.jpg,500,500,72.0,115,117,462,444
21_jpg.rf.4801184438996e4581ca6979189ed5ca.jpg,500,500,24.0,31,33,393,429
5_jpg.rf.466aa8903d0541f647f05a7b7ccf4791.jpg,500,500,0.1,65,84,442,479
14_jpg.rf.43bbb55a43f0b1ab1fac46fc31ce5cf9.jpg,500,500,72.0,56,95,406,390
21_jpg.rf.4602d7ec491729cf283d9b7d3dd63c90.jpg,500,500,0.1,30,60,444,453
65_jpg.rf.41a7c9f1cd51bb3cbd6b67829f024477.jpg,500,500,72.0,205,164,483,436
27_jpg.rf.46c6932de28e4cb42a0c21f59c0175c9.jpg,500,500,0.1,76,67,449,403
37_jpg.rf.49fedddb1b8b01a2cab91fc37c18a07c.jpg,500,500,48.0,107,56,395,336
40_jpg.rf.4587719e763f8cbe952a6013832b96ff.jpg,500,500,48.0,206,86,459,440
16_jpg.rf.44d08aa1db2bedcd75ebbb3e174a3b23.jpg,500,500,24.0,40,28,346,357
8_jpg.rf.4806aa20f83ccc92d8b7b78d153dab0d.jpg,500,500,0.1,59,83,423,399
71_jpg.rf.46e53e92ffe1a4af66bddaba915421f3.jpg,500,500,72.0,148,35,475,300
28_jpg.rf.4a23c3b449f61d1f4234183c8534acd8.jpg,500,500,72.0,151,160,469,448
3_jpg.rf.4993a1645654de5d6fd73a18ef635e49.jpg,500,500,0.1,78,134,426,439
51_jpg.rf.4328af058639b8f4a793da733885e84f.jpg,500,500,48.0,120,80,387,360
27_jpg.rf.46e419a11b0d5c761314f1572f1d8f07.jpg,500,500,24.0,111,51,441,466
45_jpg.rf.4a43fd72a76395ff75772fca7bc754dd.jpg,500,500,72.0,255,180,500,488
17_jpg.rf.42a0731d28f901f07ba19bdaa7a71f82.jpg,500,500,48.0,238,108,492,386
26_jpg.rf.4a9822f2548a5860e6cc05d60e4bdb2d.jpg,500,500,48.0,77,86,387,417
54_jpg.rf.4a41ee67505bc42dffa85304cd34d918.jpg,500,500,48.0,75,75,394,417
image25_jpg.rf.4b9f50958f81cf30f7c7cae9110031aa.jpg,500,500,24.0,77,32,435,439
11_jpg.rf.45942c41284c3d7413e2ef1ab2a4f1cb.jpg,500,500,0.1,79,42,475,389
15_jpg.rf.4a540ea12bdba0d55173396269b3badb.jpg,500,500,48.0,79,118,388,451
18_jpg.rf.4b5390655a1e891b4ba5cafeb974b4cd.jpg,500,500,48.0,217,123,458,393
56_jpg.rf.45bc2b275af583fac3f86334dd687b2d.jpg,500,500,72.0,108,111,463,446
30_jpg.rf.4ab33012203839c4d488096bb64ff434.jpg,500,500,48.0,241,113,493,386
10_jpg.rf.4e10aa48dc523706cc1ecc1264c9a3cd.jpg,500,500,24.0,64,0,365,341
21_jpg.rf.4b401d3a57dd07a34b620530e5db38a7.jpg,500,500,24.0,137,19,500,384
20_jpg.rf.502650c6d40c06ee50978526c9c927b5.jpg,500,500,24.0,37,28,405,424
61_jpg.rf.4ac1f1558b74b066516ffd69275f1117.jpg,500,500,48.0,160,91,443,383
4_jpg.rf.5015ad9e3159d224710b4aff367d9c2d.jpg,500,500,48.0,245,109,495,373
16_jpg.rf.4ae00fdbb9c4000fba1ba6237a2c2f26.jpg,500,500,0.1,76,34,436,361
2_jpg.rf.4cd852e1f38a749c677e1379200ef910.jpg,500,500,0.1,84,28,495,394
30_jpg.rf.436f83b34ab4c1e6393d4ded860a5a9b.jpg,500,500,48.0,122,69,384,348
75_jpg.rf.515fb455effdb226444382e298efb785.jpg,500,500,48.0,129,18,413,258
41_jpg.rf.51caf816ce061658a87575cb8530d795.jpg,500,500,48.0,104,53,386,332
26_jpg.rf.5167dfb62dd1c31468b8a68d185cbb6c.jpg,500,500,48.0,119,40,401,321
21_jpg.rf.4d5e32c97ef2f633fa75923cde02e93e.jpg,500,500,0.1,73,62,458,405
64_jpg.rf.4b04f573cdee8b68978ba5d32072e77e.jpg,500,500,48.0,115,65,378,340
24_jpg.rf.5171e5d055adf1204dd26ef988694787.jpg,500,500,72.0,156,173,500,477
24_jpg.rf.4d818c2b04904a25c9baa7067616979a.jpg,500,500,48.0,241,113,493,386
5_jpg.rf.51a3482341b41f78fc41e97aeaaf25ec.jpg,500,500,48.0,115,51,386,328
45_jpg.rf.5267c42eeab876502f4cb11659e4592a.jpg,500,500,48.0,24,116,419,429
17_jpg.rf.4dca0765bcc24d9d1a0cac4dd66be21d.jpg,500,500,24.0,0,11,400,375
18_jpg.rf.50a790248558ba731eefb3e1ce2345bd.jpg,500,500,0.1,82,14,458,372
73_jpg.rf.500b9978d89091d6eaa5d04754fcf3c4.jpg,500,500,48.0,140,28,471,288
51_jpg.rf.5186190561c97f1c4cddfab450109239.jpg,500,500,48.0,51,88,445,399
48_jpg.rf.531698b6998f15660f064aec427eb70c.jpg,500,500,72.0,193,178,487,454
60_jpg.rf.528725e3c993fea2353ad75563f40cb5.jpg,500,500,72.0,190,157,468,429
42_jpg.rf.55b20e7fba269b821b9e91f1a9ceb698.jpg,500,500,48.0,77,71,388,405
25_jpg.rf.52950920f4a0daa59deeae8c67c832f6.jpg,500,500,48.0,122,69,384,348
35_jpg.rf.533894b0d34b4e31564c561d239e685a.jpg,500,500,48.0,214,112,430,363
13_jpg.rf.5594a3fad06c382d8354aac76d577ca9.jpg,500,500,72.0,63,117,407,393
70_jpg.rf.526fff89ca5b1597bb50e425efece249.jpg,500,500,72.0,148,35,475,300
34_jpg.rf.5457af99aa65140212ffb82dc0323455.jpg,500,500,48.0,216,108,429,362
42_jpg.rf.539d162050cc5510a3428d48e03094dc.jpg,500,500,72.0,109,105,446,389
67_jpg.rf.52c9ed711cad180eb1f2176f818c250b.jpg,500,500,48.0,79,66,399,405
67_jpg.rf.5462da73f452731fe1db795b2450decb.jpg,500,500,48.0,141,41,464,294
35_jpg.rf.557d28b81ed5e91be9de6b67912efe07.jpg,500,500,48.0,90,115,435,388
22_jpg.rf.54365d4e6992616425963081e5b8dcf7.jpg,500,500,24.0,40,33,379,358
73_jpg.rf.541685ce764cfb54c864ca6f2f44b5df.jpg,500,500,48.0,124,17,408,252
14_jpg.rf.566a85c3840fa0bbf8ac2f1c711a1691.jpg,500,500,48.0,57,112,406,388
32_jpg.rf.55d4c96ffb198c34719916ee278fe6b8.jpg,500,500,72.0,83,105,436,396
image20_jpg.rf.5664e4f3727d9dce1a1bc53b24a8667a.jpg,500,500,24.0,81,37,422,456
3_jpg.rf.559f670f6aa89c4553e487422d36dd1b.jpg,500,500,48.0,118,79,372,354
23_jpg.rf.4d5c1162ab7d5b889f0a7a0fe1c2bb50.jpg,500,500,48.0,122,72,392,342
64_jpg.rf.0134828b7f162d73be6169075f9c96ad.jpg,500,500,48.0,137,41,455,294
22_jpg.rf.002de6dcbe95cfdae2dc67455ec9bee4.jpg,500,500,24.0,188,31,500,379
28_jpg.rf.02b38ee0e36f11ed8b03256d460f21d3.jpg,500,500,24.0,126,15,500,387
51_jpg.rf.0095888f9d0330ac870693a4f7c94528.jpg,500,500,48.0,211,94,465,448
39_jpg.rf.01b5ee25f1978e141cd837c9110cbe2c.jpg,500,500,72.0,90,105,444,390
46_jpg.rf.00fee07ad27883e09f27aa8bd3be2c83.jpg,500,500,48.0,199,112,432,363
30_jpg.rf.03ae0df8756221c49d9f049560e1b1c6.jpg,500,500,48.0,206,86,459,440
53_jpg.rf.00e4311b18e1e1611e14055d95a88f51.jpg,500,500,72.0,118,90,455,441
image14_jpg.rf.03c01a6ad0f328afcd538377fa0ab919.jpg,500,500,24.0,10,32,334,453
10_jpg.rf.0172df723bfcc1e696af38088c725f99.jpg,500,500,0.1,64,71,432,388
20_jpg.rf.02a6d3922dd8b97719602a0d62f91fd1.jpg,500,500,0.1,73,0,449,340
43_jpg.rf.04343e8787ec8b645fd30cfe401707bc.jpg,500,500,48.0,75,65,393,408
52_jpg.rf.0238c912e16030fd4ad93891d9e7aacc.jpg,500,500,48.0,77,78,393,417
21_jpg.rf.04096648c0f7ec80218aa1bd80b214bd.jpg,500,500,48.0,121,74,381,353
58_jpg.rf.00d9f902fc6858f07329c2096f6ed549.jpg,500,500,48.0,122,79,385,369
13_jpg.rf.03fa102c0221927a3a4feea561a77e92.jpg,500,500,0.1,71,75,468,364
7_jpg.rf.045beaf570a5d196810e184cd0346327.jpg,500,500,48.0,85,126,395,468
62_jpg.rf.07297513b652c8508faa663c0517a69e.jpg,500,500,48.0,135,41,454,290
28_jpg.rf.0479be09a9c4a6090cd1cdc290add60a.jpg,500,500,72.0,65,102,456,462
19_jpg.rf.02894eb80901000d41b0cf8388615692.jpg,500,500,24.0,0,11,400,381
57_jpg.rf.0171893cc1202217910c4c71cccb7f94.jpg,500,500,72.0,190,157,468,429
44_jpg.rf.065a7b9c517e90feebae8bd9c8172eae.jpg,500,500,48.0,75,60,391,396
42_jpg.rf.049dcba96a6941806532e40a20a1ee2e.jpg,500,500,48.0,211,111,425,367
34_jpg.rf.01bd569008227489db235b30f4d2f6d3.jpg,500,500,0.1,83,33,470,394
77_jpg.rf.056b0541bf877ac9c4e8c1dd602f45c0.jpg,500,500,48.0,138,23,479,303
28_jpg.rf.0788317f871f102706d47a2810e341bf.jpg,500,500,48.0,241,113,493,386
15_jpg.rf.09d458cf3b4efe1cf7e5f8aba37a700e.jpg,500,500,72.0,101,104,472,441
25_jpg.rf.08d66e3753f4c73cec36fa1bd32a7dfb.jpg,500,500,72.0,65,102,456,462
image23_jpg.rf.09f846f694ca8dfb5ad500880fe3005d.jpg,500,500,24.0,55,29,417,446
22_jpg.rf.084cf833fd52e30b7d4765f8ac0200d1.jpg,500,500,72.0,193,191,500,500
19_jpg.rf.07cc59e89eed04c949e57ffb2095baac.jpg,500,500,24.0,40,33,359,358
53_jpg.rf.099a5b458755874df27859afdda1c31b.jpg,500,500,48.0,120,80,387,360
16_jpg.rf.0996e48e39750f4e1c7d6cd5286e786f.jpg,500,500,24.0,139,27,495,425
46_jpg.rf.090b76bf87d8f516c9dc8a9c91b6d5d4.jpg,500,500,48.0,110,52,399,337
33_jpg.rf.09ab1d5a560db4e6883412176ae14de5.jpg,500,500,0.1,72,41,466,406
24_jpg.rf.09a002a77c67ddb34e9d80b271a9cbe9.jpg,500,500,48.0,123,78,380,356
39_jpg.rf.0b3ab5e3f6abe21b2322846cd73da046.jpg,500,500,48.0,74,83,389,414
62_jpg.rf.0b0aaafafa9b30b5497e03ea5ff9c3a8.jpg,500,500,72.0,117,120,447,450
76_jpg.rf.08fc03fe37d6f7fbff0442fe61120704.jpg,500,500,48.0,139,29,479,300
46_jpg.rf.0af146337311eb819ec14a4cc28d086c.jpg,500,500,48.0,76,64,392,394
48_jpg.rf.0b0ceb49bd967c97a202e24c0241fa22.jpg,500,500,48.0,211,94,465,448
66_jpg.rf.09ce32beef5699ec5bce8ea2f1c0e66f.jpg,500,500,48.0,124,62,409,337
image21_jpg.rf.0a6f9c030509acb5af3af3c8dfb52b20.jpg,500,500,24.0,49,32,422,456
image27_jpg.rf.0b00990010205850f60aca01572ca277.jpg,500,500,24.0,98,27,449,459
14_jpg.rf.076a68b199185451728cc5f8382e867b.jpg,500,500,48.0,111,38,400,315
12_jpg.rf.0e348f81895d448f89b07259acad87cc.jpg,500,500,0.1,54,98,436,422
26_jpg.rf.0e08050aad230ba42fa2af36b056b2d6.jpg,500,500,48.0,190,86,455,434
41_jpg.rf.0c1b34657e205e6da210f1f1bd3f6493.jpg,500,500,48.0,74,81,388,415
62_jpg.rf.0fe8f589a715ba5f59ef26a32562afe2.jpg,500,500,48.0,82,64,398,401
31_jpg.rf.0e905ef81dcc9d0a5778d484a128d798.jpg,500,500,72.0,167,148,468,441
20_jpg.rf.0b816c7409eaaddbf2853b559b64d116.jpg,500,500,48.0,86,65,394,437
65_jpg.rf.0be82ea3b0711992ca448b1e9b7940a5.jpg,500,500,48.0,81,68,399,404
45_jpg.rf.0e56aaa8d146c2eb7d0b833731d50d29.jpg,500,500,48.0,214,94,467,448
12_jpg.rf.0c0850602dee3ce00d1ac35841ce9c0a.jpg,500,500,0.1,77,95,461,422
16_jpg.rf.0dc944762d36da247f0308d44bd49ee3.jpg,500,500,0.1,69,31,465,389
14_jpg.rf.0e38a5567a308a3b57909765b731a6dc.jpg,500,500,24.0,65,20,481,389
2_jpg.rf.0b27bf15c03e2ad09cb3efdc103869a0.jpg,500,500,48.0,241,103,495,373
23_jpg.rf.0d2e0bc69ffe6bee4d0dc14ae8794c71.jpg,500,500,72.0,89,111,434,388
4_jpg.rf.11995bd31944dba6ef0f363bdb08a0e6.jpg,500,500,24.0,65,47,448,445
20_jpg.rf.11bd9bd80984068b0a04b4ca252ffbbf.jpg,500,500,0.1,80,47,421,343
39_jpg.rf.0ee17e1f0fb7690beb3b2507a58025fd.jpg,500,500,48.0,206,86,459,440
24_jpg.rf.129752c6601e59bf97e71df6264dddf4.jpg,500,500,0.1,20,52,431,321
60_jpg.rf.0f7e08f2974e59e99f26ae195e56738a.jpg,500,500,72.0,140,36,461,287
54_jpg.rf.12a0462062d1190e971158f315587c73.jpg,500,500,48.0,160,89,437,383
22_jpg.rf.0f5432c810cc8eb3e23a80b6277b10ce.jpg,500,500,0.1,59,61,448,421
24_jpg.rf.0edc0f07ed790b73780f667a7f1848a2.jpg,500,500,0.1,57,68,443,405
63_jpg.rf.0fe756001a50ab3b81fdb253108bcb3c.jpg,500,500,72.0,205,164,483,436
15_jpg.rf.139ed2ce9b35805b865463c3995b79cd.jpg,500,500,72.0,64,105,412,386
43_jpg.rf.139ee0e1af4d7c4f0d4ba3704ec91a59.jpg,500,500,72.0,197,182,500,463
72_jpg.rf.0f01c65e718185ce58a5f3fa451a0e1d.jpg,500,500,48.0,122,3,407,243
30_jpg.rf.0fc6d730f039dec811f6fa8a52ae59c0.jpg,500,500,72.0,53,38,478,405
73_jpg.rf.14165ce5363a30ae506fed494483655f.jpg,500,500,72.0,143,35,471,300
9_jpg.rf.1420630b05ba888ab1f34aadfabdd6c1.jpg,500,500,48.0,114,44,396,322
59_jpg.rf.119d0cf979b5b4877f8adc72b7bc0add.jpg,500,500,48.0,160,91,440,383
37_jpg.rf.1482edf568fb51e720da0b6165360162.jpg,500,500,72.0,54,97,459,457
64_jpg.rf.14296307e0307efe20f359d8e4805467.jpg,500,500,48.0,214,97,467,451
2_jpg.rf.12b7c667c4002f25ae6e6bc76db73acb.jpg,500,500,72.0,116,71,376,283
32_jpg.rf.139d847140dedd75314cdd2fe306a935.jpg,500,500,72.0,159,151,464,444
22_jpg.rf.171b72824c014124ad54937b08903081.jpg,500,500,0.1,72,7,422,297
10_jpg.rf.15f96e1fbf196b70e0ae57f95ca65d5f.jpg,500,500,48.0,202,77,455,429
51_jpg.rf.0f34237fd163952cbbef5720d4dc0702.jpg,500,500,48.0,160,86,433,383
14_jpg.rf.148f7e9c6d83a872373a8eed6235247a.jpg,500,500,0.1,72,32,471,398
54_jpg.rf.111dbcd6e1bdc9216d647af911d19e7e.jpg,500,500,72.0,184,11,486,252
3_jpg.rf.12b7fe5eee6b6f67e1c27677038da788.jpg,500,500,48.0,241,103,495,373
5_jpg.rf.0e242e736a76c3cbbedbc185916ddcff.jpg,500,500,72.0,249,203,409,342
30_jpg.rf.152e7b87eeba30d91a28c2f624adf68b.jpg,500,500,0.1,41,66,479,439
29_jpg.rf.152abc511c35bf20e71c1b119d83a4bd.jpg,500,500,72.0,158,146,473,438
17_jpg.rf.16e1f1f9dbe924bc4e0ba4f77f1de069.jpg,500,500,0.1,71,80,478,381
7_jpg.rf.130d09774b416922778fbc4c7aca0b52.jpg,500,500,72.0,280,403,420,500
7_jpg.rf.130d09774b416922778fbc4c7aca0b52.jpg,500,500,72.0,25,336,157,500
10_jpg.rf.d4cf8ff5e169ab5d14f3fd7516599e12.jpg,500,500,72.0,62,92,348,337
54_jpg.rf.d52647f7d7a149bd280a11b86b994506.jpg,500,500,48.0,181,110,409,356
46_jpg.rf.d529f670331127d6c321480a91685f0e.jpg,500,500,72.0,163,135,500,452
23_jpg.rf.d53362c67b8c2d4ba19a8a829e17352d.jpg,500,500,24.0,73,44,469,408
7_jpg.rf.d5da46fc97a417024540dc25f1126880.jpg,500,500,48.0,235,108,495,380
17_jpg.rf.d63065e3e95099b9b3b28c1d17ab63de.jpg,500,500,0.1,72,63,457,386
53_jpg.rf.d63e81cee3b6cf6d90c6a6d08aafd4d0.jpg,500,500,48.0,76,78,392,415
29_jpg.rf.d6ba8a92cb0663c33054585be660a8e2.jpg,500,500,48.0,122,69,384,348
16_jpg.rf.d77bbb8723844a1abb3c0be90c4f6e29.jpg,500,500,48.0,119,40,406,325
image26_jpg.rf.d79c78d496920b49d721f67d344d3b78.jpg,500,500,24.0,93,33,432,450
35_jpg.rf.d836414b6e1591becba15d8887e90b74.jpg,500,500,72.0,157,149,465,439
5_jpg.rf.d7bdc346276e4864723a69a7ef6fdf06.jpg,500,500,48.0,93,104,397,440
2_jpg.rf.d8929e2c85225cd979cbbe2a4377cfa2.jpg,500,500,48.0,125,75,378,350
27_jpg.rf.d7c96be391f827b764be4b209ed72ddc.jpg,500,500,48.0,75,87,387,418
25_jpg.rf.d83349a550303851c255f5dea936e371.jpg,500,500,0.1,68,62,450,419
52_jpg.rf.d8c69f421e002f2d3c6a79ec8e352be8.jpg,500,500,72.0,110,88,459,443
23_jpg.rf.d82f2b338993295272d532c1606f0829.jpg,500,500,48.0,171,125,373,373
30_jpg.rf.d922ba5a0c529112df8f90774f1ea36d.jpg,500,500,48.0,82,115,434,390
12_jpg.rf.d85e16e9c2f0550ed6d22945e502b604.jpg,500,500,48.0,78,121,391,462
11_jpg.rf.d8ddff88175b77700457e9b5ac4dfe56.jpg,500,500,48.0,82,121,390,464
8_jpg.rf.d8ff557297313c3db462154a4a9fad2b.jpg,500,500,48.0,218,74,470,426
35_jpg.rf.dadc65065f478630798c79a0d370612b.jpg,500,500,48.0,206,86,459,440
9_jpg.rf.dbf2c6456e643ec74f3f3d30fcf97987.jpg,500,500,72.0,97,72,469,419
image15_jpg.rf.db97ebda3baa38e4ca29fc204320f90f.jpg,500,500,24.0,31,27,355,449
59_jpg.rf.dd4c9e5239c386b6409f8e38bcfeea28.jpg,500,500,48.0,80,70,396,408
1_jpg.rf.dc35de96a84874e05cf3b6b4b3b535b9.jpg,500,500,0.1,64,97,422,422
19_jpg.rf.dc0429790ef76015d356d65ecc188142.jpg,500,500,48.0,82,74,397,404
6_jpg.rf.d9706e88b62a436a078b196887514d07.jpg,500,500,0.1,77,110,441,428
16_jpg.rf.d82110aaaa4b1493a51737b542e92abf.jpg,500,500,48.0,228,134,454,391
5_jpg.rf.dcb4f3c65c09be294ca4da0f7f29caa7.jpg,500,500,0.1,76,110,436,427
31_jpg.rf.dac20f31e4fa516ab6da3d9fa3424a42.jpg,500,500,0.1,49,69,439,426
38_jpg.rf.da90ad958a1473c3b93dd4e2c10744b2.jpg,500,500,72.0,54,97,459,457
22_jpg.rf.dde30f107b3c9e4650819676b550a3df.jpg,500,500,48.0,123,78,380,356
14_jpg.rf.d8e678b4f60ad56c4843c8ef82ea4ba7.jpg,500,500,0.1,68,101,433,424
23_jpg.rf.dd2d5a894a121ecae83bc3a44348eb44.jpg,500,500,24.0,40,33,379,358
24_jpg.rf.ddfb08c1470c41d2d65f1fce18ad23f4.jpg,500,500,0.1,69,88,451,445
2_jpg.rf.dac90f95510ab50d86db65c75fc8850d.jpg,500,500,0.1,58,23,451,398
56_jpg.rf.dda93600cc58e428d76307dc3eb735f9.jpg,500,500,48.0,211,94,465,448
31_jpg.rf.d8cc59f42bf6a92df2f9cec8d27f81ea.jpg,500,500,0.1,8,38,455,494
5_jpg.rf.debd43641abecde1747300630565bb7d.jpg,500,500,24.0,55,19,405,355
15_jpg.rf.db32c788972e813a4f18be64f85dfd9a.jpg,500,500,72.0,87,94,479,454
65_jpg.rf.dcbdc9f157aa5a1b4d712ad5cd9b7309.jpg,500,500,72.0,136,36,457,287
8_jpg.rf.da7944fd105399b4df18bb90e161aad0.jpg,500,500,48.0,256,269,394,392
8_jpg.rf.da7944fd105399b4df18bb90e161aad0.jpg,500,500,48.0,0,211,115,383
6_jpg.rf.de0f1f0caa412af0d230dbcaa40d6fb7.jpg,500,500,24.0,64,47,450,417
56_jpg.rf.de5881c51ef1ec52f864b9d8ce42b064.jpg,500,500,48.0,144,49,466,304
image2_jpg.rf.dd78ca704a67ce89b6a4bc6df4c5aec5.jpg,500,500,24.0,77,66,455,459
3_jpg.rf.e0f6332c4d73b29cf76b8e331d595a94.jpg,500,500,48.0,117,52,394,327
13_jpg.rf.def129fcbdc7f89631a6141ac09669d9.jpg,500,500,48.0,120,78,379,356
30_jpg.rf.dd27f43c09565d416f98e391fda0e797.jpg,500,500,24.0,90,6,457,390
34_jpg.rf.dec4136fc50660afb699d3d209d09d06.jpg,500,500,48.0,111,48,404,327
11_jpg.rf.dece9973fde55fe7db041f74762c1f28.jpg,500,500,24.0,102,42,484,406
45_jpg.rf.df5162d58bb67bf62b81382625fa52bd.jpg,500,500,48.0,148,81,437,383
22_jpg.rf.e1891e8020fbc1e095d66fb8a6723605.jpg,500,500,48.0,82,115,434,395
7_jpg.rf.de030bd7e9fd829837a0c94379d20d90.jpg,500,500,72.0,118,84,498,419
15_jpg.rf.e3d5449b0df9809ac22c764c2f5da0b5.jpg,500,500,48.0,63,105,416,393
37_jpg.rf.e3e544ef9b571438efabd12a3e9ee8d2.jpg,500,500,48.0,76,78,387,422
18_jpg.rf.e48a79bd20cbc75ed46a8e9bd64a4dda.jpg,500,500,24.0,76,0,499,409
50_jpg.rf.e67669051f9e6919d537b1af38c5ddbe.jpg,500,500,72.0,125,100,451,431
image24_jpg.rf.e2202689c960db32c22181078d597e58.jpg,500,500,24.0,77,32,435,439
23_jpg.rf.e0ec872c63c15ea725c75b1024a3e0e8.jpg,500,500,0.1,58,42,446,403
9_jpg.rf.e3585a16b4947b60326838a3bd8d1b6e.jpg,500,500,72.0,132,217,332,385
38_jpg.rf.e6f0ac9e940475dd75f7fc578e7fdad3.jpg,500,500,48.0,70,83,389,420
29_jpg.rf.e3ade67a363c6b02749aac565daf6d26.jpg,500,500,48.0,214,107,427,358
image13_jpg.rf.e21cebe49d36ec54fa8f9c1e3e06c415.jpg,500,500,24.0,26,27,408,452
42_jpg.rf.e4fb5f1979ee3d91d054276837774b3b.jpg,500,500,48.0,111,106,448,393
13_jpg.rf.e4423886dc6c279802ade9940db480a2.jpg,500,500,48.0,64,120,405,394
35_jpg.rf.e5cfac5ccf04f0b181ac2d7688a01560.jpg,500,500,72.0,82,108,436,393
29_jpg.rf.e67a0b8ee81277a324e22d330368eea5.jpg,500,500,48.0,76,87,385,412
20_jpg.rf.e30ffbfcb195170b1d5268d830ac5020.jpg,500,500,72.0,84,114,433,396
2_jpg.rf.df74dab2f41e2d08fb864485ba9683d2.jpg,500,500,0.1,83,124,427,434
32_jpg.rf.e68992dcc408d96ddcae75fe968a21e9.jpg,500,500,48.0,82,115,434,390
59_jpg.rf.e239da5c08d86a8d53586139180f0a19.jpg,500,500,72.0,122,117,458,450
62_jpg.rf.e8964f009074e0c0625f4a75c41149f4.jpg,500,500,48.0,221,106,430,352
71_jpg.rf.e4e739457198b128c614128c8d58a9f4.jpg,500,500,48.0,145,28,475,280
9_jpg.rf.e39522e5cf0e669376acbdbda190e09a.jpg,500,500,0.1,51,64,427,387
9_jpg.rf.e7d523fe5296a29413907a5926322a84.jpg,500,500,0.1,69,36,468,393
29_jpg.rf.e80b1c225dceced7e8e3392a9ed1418e.jpg,500,500,24.0,72,6,438,390
17_jpg.rf.e867a75fd01ab867cfc82030f46de8fc.jpg,500,500,0.1,64,36,457,387
25_jpg.rf.e8cc07eda88a42aece69d221d198661d.jpg,500,500,24.0,110,51,498,410
76_jpg.rf.e7127f13d01663576826a42ab45966a6.jpg,500,500,48.0,126,7,408,242
14_jpg.rf.ebae8f790c4766f141e61a7daa5e4360.jpg,500,500,24.0,0,21,328,399
33_jpg.rf.ec48bc1cb568a074279b588f99673696.jpg,500,500,48.0,123,73,384,348
11_jpg.rf.ec300c0e3c20b36f137b59a0b5bc11ca.jpg,500,500,48.0,113,38,394,322
60_jpg.rf.ec894d43c30cb0c3fb1c80c8e71d069d.jpg,500,500,48.0,191,108,416,364
19_jpg.rf.e907529a7b8a64e61e7b3183e71ad177.jpg,500,500,0.1,52,10,450,393
18_jpg.rf.ed4ab9aeb38c533a0051337dfe89740a.jpg,500,500,24.0,40,28,359,358
17_jpg.rf.eb820743416c2100eca5f07100557a5e.jpg,500,500,48.0,120,78,379,356
24_jpg.rf.e7082a0cdef7c24a1736d83edb3d6b52.jpg,500,500,72.0,85,112,430,394
image28_jpg.rf.ecb780e81f36f39e7784d0b4766d2c45.jpg,500,500,24.0,37,31,388,463
image11_jpg.rf.ecd61083be391be7c67609f0f0a5ec9d.jpg,500,500,24.0,26,27,408,452
30_jpg.rf.e947bbff5de80affb222a6a97b4fae3b.jpg,500,500,48.0,219,106,440,356
54_jpg.rf.ec678b95dd29ab07ae59ebc9c8f1414f.jpg,500,500,48.0,120,80,387,360
60_jpg.rf.edf981b649344acc8461429416b0e3eb.jpg,500,500,48.0,211,101,470,448
7_jpg.rf.e921b3ad87f1e104c4b3dfcfb6993ac4.jpg,500,500,48.0,209,56,462,409
38_jpg.rf.eb8f673465f877e6e9025c1924a879ea.jpg,500,500,48.0,206,86,459,440
32_jpg.rf.edc50274ede3c85a9a039bf2fb8418e5.jpg,500,500,48.0,114,45,406,325
49_jpg.rf.eaf128ca60f6b1f90a44d3dfd2a9ab8f.jpg,500,500,48.0,40,83,434,394
25_jpg.rf.ee37a26cac7136f90252ca538fc66d05.jpg,500,500,24.0,165,20,500,364
5_jpg.rf.f087aab277618ec2406535fd83b9254c.jpg,500,500,24.0,49,47,450,419
21_jpg.rf.ee0def88f651806be6ebf9cb0009e730.jpg,500,500,48.0,241,113,493,386
31_jpg.rf.ee22a41b37ac0c19ebffacd523bffe85.jpg,500,500,0.1,67,96,444,421
37_jpg.rf.ef7665f092a4888cc7fb7e37a28e4680.jpg,500,500,48.0,218,110,428,372
25_jpg.rf.efac42ac228bce07f9eb7b0cef505097.jpg,500,500,72.0,82,112,431,389
16_jpg.rf.f0f482af642b6f34a34e07087745141d.jpg,500,500,0.1,70,75,479,369
26_jpg.rf.f19c3f1e867c13b2d3884ee4e716c80e.jpg,500,500,24.0,165,26,500,369
24_jpg.rf.f2c0ff1230e393d0e76755849e81fccb.jpg,500,500,72.0,65,102,456,462
48_jpg.rf.e9570dd7ecc79992e60237f0e3e47aef.jpg,500,500,48.0,120,80,387,360
26_jpg.rf.f0cae3b58840cf4714648c109fa907c8.jpg,500,500,0.1,71,58,453,415
24_jpg.rf.f046aea29336a511ae3a1d2ffc5205ce.jpg,500,500,24.0,40,33,379,358
28_jpg.rf.ed43ef97ccde3d40b0a0b355081c10ec.jpg,500,500,72.0,81,111,430,390
1_jpg.rf.f0a077d6b6e669a703500d700efc8c53.jpg,500,500,72.0,99,99,379,376
2_jpg.rf.f379e61bb5f2a12d3508ba488bb29e1a.jpg,500,500,72.0,117,65,377,287
3_jpg.rf.f2226611c5a8d78be15891df398b3366.jpg,500,500,48.0,226,130,422,408
28_jpg.rf.f11a63594d0e2306f9417874962b4788.jpg,500,500,24.0,56,40,482,401
35_jpg.rf.f251c247c6f7b04f2643a027d271a805.jpg,500,500,72.0,54,97,459,457
22_jpg.rf.f15f90478943ce41d43217b4c74ba38f.jpg,500,500,24.0,48,39,445,403
25_jpg.rf.f05ac58005b65b0037ba6fb368ffdf8b.jpg,500,500,0.1,36,0,443,424
47_jpg.rf.f3ff8e2c2cf0b1d51c259f7df4f388e2.jpg,500,500,48.0,77,62,394,402
11_jpg.rf.f486d87f416a30561c28cff57a299026.jpg,500,500,48.0,191,76,444,428
15_jpg.rf.f4c21b3c1d36be55ccaa85ac06f5f1ab.jpg,500,500,48.0,120,78,379,356
23_jpg.rf.ee906ac2384f0f72ee73b4a0cec1383b.jpg,500,500,0.1,47,17,453,441
6_jpg.rf.f55e5c3f2ecc2c27dcb109bb3161a7fb.jpg,500,500,0.1,60,53,421,366
44_jpg.rf.f5258463c2d2170eef352f032d4ea7e4.jpg,500,500,72.0,105,103,446,389
34_jpg.rf.f3c22795b2dd31d9d5b87783f9104b95.jpg,500,500,0.1,55,0,453,429
77_jpg.rf.f45ccd132e32e6d8fe70ddd71273959b.jpg,500,500,72.0,138,25,479,316
5_jpg.rf.f57f01c8cbfe8d3dee0c3e166efa3e25.jpg,500,500,72.0,44,60,425,421
32_jpg.rf.f3926d789f877f6a9482bc0e680b700e.jpg,500,500,0.1,74,48,456,384
70_jpg.rf.f450f5c98549b46b889dde880580e296.jpg,500,500,48.0,147,42,477,294
32_jpg.rf.f586823ce1735bc08514cdda7111e816.jpg,500,500,48.0,206,86,459,440
18_jpg.rf.f771fe32a674fb870112673812fac9a5.jpg,500,500,0.1,68,86,473,406
18_jpg.rf.f47b9b1b1069d5443ca90b83d9894377.jpg,500,500,48.0,83,114,432,397
8_jpg.rf.f70e369db83e48f732ef64acf4af1e3b.jpg,500,500,48.0,235,108,495,380
11_jpg.rf.f6c84b10a6c7489953f58f8a88878ca4.jpg,500,500,48.0,235,108,495,380
8_jpg.rf.f5b14444fc749a5f374d999b7430394f.jpg,500,500,0.1,64,38,466,392
12_jpg.rf.f726c8360b57bf2b1edd46b7db63c827.jpg,500,500,72.0,108,101,474,437
71_jpg.rf.f952adbdbb78ad8c4fec85422dedc5da.jpg,500,500,48.0,129,111,389,388
72_jpg.rf.f3d8b83a261b205a77adad34d767a830.jpg,500,500,48.0,143,31,471,291
33_jpg.rf.f58afcf4dda4456ee17d43ef789ea8eb.jpg,500,500,48.0,74,87,387,425
6_jpg.rf.f7ffbede06b23f90294ae452727b85dc.jpg,500,500,24.0,82,60,419,411
40_jpg.rf.f8b061c97a0eb45f3dfb47d63cd3fe17.jpg,500,500,48.0,157,99,422,388
4_jpg.rf.f9bc1a57e4f36f38240b099f0a24786d.jpg,500,500,48.0,118,79,372,354
45_jpg.rf.fb5d19b129dee57c9f2289c0d7a029e1.jpg,500,500,48.0,209,113,422,367
28_jpg.rf.f8f7203ce10a28a21d2ca6293f9c496b.jpg,500,500,48.0,122,69,384,348
21_jpg.rf.f83bff169fd471931ef14e834768a2ea.jpg,500,500,48.0,83,75,393,424
51_jpg.rf.f8b4b07e846060419a1e888a7d80b4e0.jpg,500,500,48.0,76,78,394,411
4_jpg.rf.f76747ef31e231a7041d0591cecba388.jpg,500,500,72.0,139,120,303,259
39_jpg.rf.f9a183d4bb5a40f997df8e445b709907.jpg,500,500,72.0,211,207,491,473
14_jpg.rf.fce7b6eae64d2618fe066eb9a730c4bd.jpg,500,500,48.0,74,121,387,451
11_jpg.rf.f6b8c345d4a1491a3bfb8f299a25ee9c.jpg,500,500,0.1,43,51,462,467
23_jpg.rf.fdbe428163edb24760de36ab2d015af6.jpg,500,500,48.0,75,75,387,422
9_jpg.rf.fd6e2a2aad165cb2e0d80ecff58f131f.jpg,500,500,48.0,84,127,393,466
47_jpg.rf.f5bba4072e8548c8166244102a079101.jpg,500,500,48.0,216,113,432,359
15_jpg.rf.fce98c2f248f105c79faa73608514b45.jpg,500,500,48.0,188,86,432,435
35_jpg.rf.fc63435a95cd3122340fce78a110ce53.jpg,500,500,48.0,71,83,386,415
36_jpg.rf.fd8a9507006254a608b851ee23fc4159.jpg,500,500,48.0,108,57,395,346
image4_jpg.rf.fcad097ad42a2b882efbee2d00883075.jpg,500,500,24.0,57,55,440,456
18_jpg.rf.f980d2300ecf93b672b54f8f342e5a6b.jpg,500,500,48.0,242,112,492,386
25_jpg.rf.fa8f789bc3aab9e0c0f16b05a2e65070.jpg,500,500,0.1,63,42,474,382
77_jpg.rf.fe69609118fb2b2e3e075736b2a3f4fd.jpg,500,500,48.0,129,9,409,247
27_jpg.rf.fe90110f834d5f1feca68757e6ca9cfb.jpg,500,500,48.0,122,69,384,348
18_jpg.rf.f9e2b5d126894a471ce2fd9926d4fc95.jpg,500,500,0.1,54,73,419,404
16_jpg.rf.fa6a42d07f1cbfc5621144eb7097af56.jpg,500,500,72.0,107,108,464,442
11_jpg.rf.fd5d1b9c6b0be417db298a9b1236f803.jpg,500,500,0.1,63,97,425,403
19_jpg.rf.fee3ec0c376e516eece4916a86e1bbd8.jpg,500,500,48.0,242,112,492,386
50_jpg.rf.fd8dfc9938615fb23f6f84a5bc132a7d.jpg,500,500,72.0,40,87,439,399
20_jpg.rf.fe7af502158dd09fab61a873c3ff59d5.jpg,500,500,48.0,79,115,434,394
59_jpg.rf.fa6461d72fd365f8d07458d10bc880a5.jpg,500,500,72.0,139,49,460,300
65_jpg.rf.fe2b97fd8857305a4d911a3c2d613dce.jpg,500,500,48.0,122,69,408,341
48_jpg.rf.f6328ac1eab0c9a04263a89cbd14094f.jpg,500,500,48.0,160,83,437,383
38_jpg.rf.fec728f3ed17178d239e1985dfdc7e65.jpg,500,500,48.0,123,78,384,353
39_jpg.rf.fe8b960107f2d5c7d19abe150440241c.jpg,500,500,48.0,178,104,422,383
1_jpg.rf.ffe5d9bd389365ac81b8ec7ea4c5de98.jpg,500,500,72.0,52,61,426,411
3_jpg.rf.fef265ee0130792e704144e5544de424.jpg,500,500,24.0,67,61,404,412
9_jpg.rf.ff25cc0f6c47e6e7eb2f6dcc11c7d82a.jpg,500,500,48.0,235,108,495,380
1_jpg.rf.ff5911dc8114cba72215e7d0707669f2.jpg,500,500,0.1,76,145,395,420
43_jpg.rf.fea54db9515fd82a7f800ff77df259a0.jpg,500,500,48.0,206,86,459,440
66_jpg.rf.ff791f8f0b32120478b14e7ae8d2a1fa.jpg,500,500,48.0,212,112,426,388
20_jpg.rf.ffcb69dea2443c2d72d16c4a85d84488.jpg,500,500,24.0,116,13,479,381
13_jpg.rf.ff69bb65a41ff74bd869d77f1762c40e.jpg,500,500,24.0,100,25,484,406